,,,,,,,,,,,,,,,,,,,,,,,,,,349.9994784593582,,,,,,,,,,,,,,,,,,,,,,,,
,,,,,,,,,,,,,,,,,,,,,,,,,,349.99881088733673,,,,,,,,,,,,,,,,,,,,,,,,
,,,,,,,,,,,,,,,,,,,,,,,,,,349.9993324279785,,,,,,,,,,,,,,,,,,,,,,,,
,,,,,,,,,,,,,,,,,,,,,,,,,,349.9994784593582,,,,,,,,,,,,,,,,,,,,,,,,
,,,,,,,,,,,,,,,,,,,,,,,,,,349.99968707561493,,,,,,,,,,,,,,,,,,,,,,,,
,,,,,,,,,,,,,,,,,,,,,,,,,,349.9997287988663,,,,,,,,,,,,,,,,,,,,,,,,
,,,,,,,,,,,,,,,,,,,,,,,,,,349.9997913837433,,,,,,,,,,,,,,,,,,,,,,,,
,,,,,,,,,,,,,,,,,,,,,,,,,,349.9997913837433,,,,,,,,,,,,,,,,,,,,,,,,
,,,,,,,,,,,,,,,,,,,,,,,,,,349.9998539686203,,,,,,,,,,,,,,,,,,,,,,,,
,,,,,,,,,,,,,,,,,,,,,,,,,,349.999874830246,,,,,,,,,,,,,,,,,,,,,,,,
,,,,,,,,,,,,,,,,,,,,,,,,,,349.99997913837433,,,,,,,,,,,,,,,,,,,,,,,,
,,,,,,,,,,,,,,,,,,,,,,,,,,349.9999165534973,,,,,,,,,,,,,,,,,,,,,,,,
,,,,,,,,,,,,,,,,,,,,,,,,,,349.99997913837433,,,,,,,,,,,,,,,,,,,,,,,,
,,,,,,,,,,,,,,,,,,,,,,,,,,349.99997913837433,,,,,,,,,,,,,,,,,,,,,,,,
,,,,,,,,,,,,,,,,,,,,,,,,,,349.99997913837433,,,,,,,,,,,,,,,,,,,,,,,,
,,,,,,,,,,,,,,,,,,,,,,,,,,350.0,,,,,,,,,,,,,,,,,,,,,,,,
,,,,,,,,,,,,,,,,,,,,,,,,,,349.99997913837433,,,,,,,,,,,,,,,,,,,,,,,,
,,,,,,,,,,,,,,,,,,,,,,,,,,350.0,,,,,,,,,,,,,,,,,,,,,,,,
,,,,,,,,,,,,,,,,,,,,,,,,,,350.0,,,,,,,,,,,,,,,,,,,,,,,,
,,,,,,,,,,,,,,,,,,,,,,,,,,350.0,,,,,,,,,,,,,,,,,,,,,,,,
,,,,,,,,,,,,,,,,,,,,,,,,,,350.0,,,,,,,,,,,,,,,,,,,,,,,,
,,,,,,,,,,,,,,,,,,,,,,,,,,350.0,,,,,,,,,,,,,,,,,,,,,,,,
,,,,,,,,,,,,,,,,,,,,,,,,,,350.0,,,,,,,,,,,,,,,,,,,,,,,,
,,,,,,,,,,,,,,,,,,,,,,,,,,350.0,,,,,,,,,,,,,,,,,,,,,,,,
,,,,,,,,350.0,,,,,,,,,,,,,,,,,,350.0,,,,,,,,,,,,,,,,,,,,,,,,
,,,,,,,,350.0,,,,,,,,,,,,,,,,,,350.0,,,,,,,,,,,,,,,,,,,,,,,,
,,,,,,,,350.0,,,,,,,,,,,,,,,,,,350.0,,,,,,,,,,,,,,,,,,,,,,,,
,,,,,,,,350.0,,,,,,,,,,,,,,,,,,349.980765581131,,,,,,,,,,,,,,,,,,,,,,,,
,,,,,,,,350.0,,,,,,,,,,,,,,,,,,349.98648166656494,,,,,,,,,,,,,,,,,,,,,,,,
,,,,,,,,350.0,,,,,,,,,,,,,,,,,,349.9686658382416,,,,,,,,,,,,,,,,,,,,,,,,
,,,,,,,,350.0,,,,,,,,,,,,,,,,,,349.9657243490219,,,,,,,,,,,,,,,,,,,,,,,,
,,,,,,,,350.0,,,,,,,,,,,,,,,,,,349.9742776155472,,,,,,,,,,,,,,,,,,,,,,,,
,,,,,,,,350.0,,350.0,,,,,,,,350.0,,,,,,,,349.98364448547363,,,,,,,,,,,,,,,,,,,,,,,,
,,,,,,,,350.0,,350.0,,,,,,,,350.0,,,,,,,,349.98800456523895,,,,,,,,,,,,,,,,,,,,,,,,
,,,,,,,,350.0,,350.0,,,,,,,,350.0,,,,,,,,349.9929279088974,,,,,,,,,,,,,,,,,,,,,,,,
,,,,,,,,350.0,,350.0,,,,,,,,350.0,,,,,,,,349.99259412288666,,,,,,,,,,,,,,,,,,,,,,,,
,,,,,,,,350.0,,350.0,,,,,,,,350.0,,,,,,,,349.9917596578598,,,,,,,,,,,,,,,,,,,,,,,,
,,,,,,,,350.0,,349.9918431043625,,,,,,,,350.0,,,,,,,,349.9944716691971,,,,,,,,,,,,,,,,,,,,,,,,
,,,,,,,,350.0,,349.96111392974854,,,,,,,,350.0,,,,,,,,349.9951809644699,,,,,,,,,,,,,,,,,,,,,,,,
,,,,,,,,350.0,,349.99557733535767,,,,,,,,350.0,,,,,,,,349.9862939119339,,,,,,,,,,,,,,,,,,,,,,,,
,,,,,,,,350.0,,349.9814748764038,,,,,,,,350.0,,,,,,350.0,,349.98984038829803,,,,,,,,,,,,,,,,,,,,,,,,
,,,,,,,,350.0,,349.99837279319763,,,,,,,,350.0,,,,,,350.0,,349.9865025281906,,,,350.0,,,,,,,,,,,,,,,,,,,,
,,,,,350.0,,,350.0,,349.9958276748657,,,,,,,,350.0,,,,,,350.0,,349.99019503593445,,,,350.0,,,,,,,,,,,,,,,,,,,,
,,,,,350.0,,,350.0,,349.98406171798706,,,,,,,,350.0,,,,,,350.0,,349.9884635210037,,,,349.99997913837433,,,,,,,,,,,,,,,,,,,,
,,,,,350.0,,,350.0,,349.9829977750778,350.0,,,,,,,350.0,,,,,,350.0,,349.98531341552734,,,,349.99997913837433,,,,,,,,,,,,,,,,,,,,
,,,,,350.0,,,350.0,,349.99589025974274,350.0,,,,,,,350.0,,,,,,350.0,,349.98160004615784,,,,349.99997913837433,,,,,,,,,,,,,,,,,,,,
,,,,,350.0,,,350.0,,349.99974966049194,350.0,,,,,,,350.0,,,,,,350.0,,349.9814748764038,,,,350.0,,,,,,,,,,,,,,,,,,,,
,,,,,350.0,,,350.0,,349.99849796295166,350.0,,,,,,,350.0,,,,,,350.0,,349.9757379293442,,,,349.99997913837433,,,,,,,,,,,,,,,,,,,,
,,,,,350.0,,,350.0,,349.999937415123,349.88565742969513,350.0,,,,,,350.0,,,,,,350.0,,349.98028576374054,,,,350.0,,,,,,,,,,,,,,,,,,,,
,,,,,350.0,,,349.9998539686203,,349.9999165534973,349.9812036752701,350.0,,,,,,350.0,,,,,,350.0,,349.97298419475555,,,,349.99997913837433,,,,,,,,,,,,,,,,,,,,
,,,,,350.0,,,349.9991238117218,350.0,349.9993532896042,349.9855011701584,350.0,,,,,,350.0,,,,,,350.0,,349.9787837266922,,,,350.0,,,,,,,,,,,,,,350.0,,,,,,
,,,,,350.0,,,349.98610615730286,350.0,349.9998539686203,349.99499320983887,350.0,,,,,,350.0,,,,,,350.0,,349.97400641441345,,,,349.999937415123,,,,,,,,,,,,,,350.0,,,,,,
,,,,,350.0,,,349.9128818511963,350.0,349.999874830246,349.99676644802094,350.0,,,,,,350.0,,,,,,350.0,,349.9803066253662,,,,350.0,,,,,,,,,,,,,,350.0,,,,,,
,,,,,350.0,,,349.0907669067383,350.0,349.99997913837433,349.9988943338394,350.0,,,,,,350.0,,,,,,350.0,,349.98364448547363,,,,350.0,,,,,,,,,,,,,,350.0,,,,,,
,,,,,350.0,,,344.40493285655975,350.0,349.99997913837433,349.9992907047272,350.0,,,,,,350.0,,,,,,350.0,,349.9813497066498,,,,350.0,,,,,,,,,350.0,,,,,350.0,,,,,,
,,,,,350.0,,,334.9313348531723,350.0,349.99997913837433,349.9996244907379,350.0,,,,,,350.0,,,,,,350.0,,349.96096789836884,,,,350.0,,,,,,,,,350.0,,,,,350.0,,,,,,
,,,,,350.0,,,334.36114490032196,350.0,350.0,349.99981224536896,350.0,,,,,,350.0,,,,,,350.0,,349.9243766069412,,,,350.0,,,,,,,,,350.0,,,,,350.0,,,,,,
,,,,,350.0,,,323.5259085893631,350.0,350.0,349.99954104423523,350.0,,,,,,350.0,,350.0,,,,350.0,,349.93025958538055,,,,350.0,,,,,,,,,350.0,,,,,350.0,,,,,,
,,,,,350.0,,,338.4841948747635,350.0,350.0,349.9997913837433,350.0,,,,,,350.0,,350.0,,,,350.0,,349.81600046157837,,,,350.0,,,,,,,,,350.0,,,,,350.0,,,,,,
,,,,,350.0,,,323.4841853380203,350.0,350.0,349.9998539686203,350.0,,350.0,,,,350.0,,350.0,,,,350.0,,349.89212453365326,,,,349.999937415123,,,,,,,,,350.0,,,,,350.0,,,,,,
,,,,,350.0,,,308.48419666290283,350.0,350.0,349.999874830246,350.0,,350.0,,,,350.0,,350.0,,,,350.0,,349.859955906868,,,,349.9999165534973,,,,,,,,,350.0,,,,,350.0,,,,,,
,,,,,350.0,,,312.53777742385864,350.0,350.0,349.9999165534973,350.0,,350.0,,,,350.0,,350.0,,,,350.0,,349.83999133110046,,,,349.99997913837433,,,,,,,,,350.0,,,,350.0,350.0,,,,,,
350.0,,,,,350.0,,,297.53778874874115,350.0,350.0,349.999937415123,350.0,,350.0,,,,350.0,,350.0,,,,350.0,,349.9826431274414,,,,349.99997913837433,,,,,,,,,350.0,,,,350.0,350.0,,,,,,
334.99999046325684,,,,,350.0,,,287.6939386129379,350.0,350.0,348.8732010126114,350.0,,350.0,,,,350.0,,350.0,,350.0,,350.0,,349.98946487903595,,,,350.0,,,,,,,,,350.0,,,,350.0,350.0,,,,,,
320.00000178813934,,,,,350.0,,,297.38082587718964,350.0,350.0,348.87570440769196,350.0,,350.0,,,,350.0,,350.0,,350.0,,350.0,,349.9734431505203,,,,349.99997913837433,,,,,,,,,350.0,,,,350.0,350.0,,,,,,
312.3437225818634,,,,,350.0,,,282.38083720207214,350.0,350.0,348.6054629087448,350.0,,350.0,,,,350.0,,350.0,,350.0,,350.0,,349.9876916408539,,,,350.0,,,,,,,,,350.0,,,,350.0,350.0,,,,,,
311.2829923629761,,,,,350.0,,,297.38082587718964,350.0,350.0,348.3825355768204,350.0,,350.0,,,,350.0,,350.0,,350.0,,350.0,,349.9724417924881,,,,349.99997913837433,,,,,,,,,350.0,,,,350.0,350.0,,,350.0,,,
306.22321367263794,,,,,350.0,,,312.3808354139328,350.0,350.0,349.7990816831589,350.0,,350.0,,,,350.0,,350.0,,350.0,,350.0,,338.24764490127563,,,,349.99822676181793,,,,,,,,,350.0,,,,350.0,350.0,,,350.0,,,
305.0371468067169,,,,,350.0,,,297.38082587718964,350.0,350.0,349.7826635837555,350.0,,350.0,,350.0,,350.0,,350.0,,350.0,,350.0,,344.69728767871857,,,,349.99997913837433,,,,,,,,,350.0,,,,350.0,350.0,,,350.0,,,
301.66436433792114,,,,,350.0,,,282.38083720207214,350.0,350.0,349.9168038368225,350.0,,350.0,,350.0,,350.0,,350.0,,350.0,,350.0,,339.84420597553253,,,,349.9978095293045,,,,,,,,,350.0,,,,350.0,350.0,,,350.0,,,
316.6643738746643,,,,,350.0,,,297.38082587718964,350.0,350.0,349.9411702156067,350.0,,350.0,,350.0,,350.0,,350.0,,350.0,,350.0,,339.51742947101593,,,,349.99997913837433,,,,,,,,,350.0,,,,350.0,350.0,,,350.0,,,
331.6643625497818,,,,,350.0,,,282.38083720207214,350.0,350.0,349.9773859977722,350.0,,350.0,,350.0,,350.0,,350.0,,350.0,,350.0,350.0,344.251224398613,,,,349.9988317489624,,,,,,,,,350.0,,,,350.0,350.0,,,350.0,,,
334.07803177833557,,,,,349.99997913837433,,,297.38082587718964,350.0,350.0,349.9955356121063,350.0,,350.0,,350.0,,350.0,,350.0,,350.0,,350.0,350.0,329.2512148618698,,,,349.99997913837433,,,,,,,,,350.0,,,,350.0,350.0,,,350.0,,,
343.27944815158844,,,,,349.999874830246,,,305.737242102623,350.0,350.0,349.9992907047272,350.0,,350.0,,350.0,,350.0,,350.0,,350.0,,350.0,350.0,315.16554951667786,,,,349.99887347221375,,,,,,,,,350.0,,350.0,,350.0,350.0,,,350.0,,,
341.1941200494766,,,,,349.9997287988663,,,290.7372534275055,350.0,350.0,349.99968707561493,350.0,,350.0,,350.0,,350.0,,350.0,,350.0,,350.0,350.0,322.0100611448288,,,,349.99682903289795,,,,,,,,,350.0,,349.9999165534973,,350.0,350.0,,,350.0,,350.0,
343.68518590927124,,,,,349.9992072582245,,,303.88239324092865,350.0,350.0,349.9999165534973,350.0,,350.0,,350.0,,350.0,,350.0,,350.0,,350.0,350.0,307.0100724697113,,,,349.99954104423523,,,,,,,,,350.0,,349.99997913837433,,350.0,350.0,,,350.0,,350.0,
343.3772683143616,,,,,349.9980181455612,,,288.8823837041855,350.0,350.0,349.999937415123,350.0,,350.0,,350.0,,350.0,335.7050508260727,350.0,,350.0,,350.0,350.0,322.0100611448288,,,,349.9981015920639,,,,,,,,,350.0,,349.9999165534973,,350.0,350.0,,,350.0,,350.0,
343.81225407123566,,,,,349.9945968389511,,,294.6474313735962,350.0,350.0,349.99253153800964,350.0,,350.0,,350.0,,350.0,340.0905191898346,350.0,,350.0,,350.0,350.0,307.0100724697113,,,,349.9998539686203,,,,,,,,,350.0,,349.99997913837433,,350.0,350.0,,,350.0,,350.0,
338.1850600242615,,,,,349.9838322401047,,,279.647421836853,350.0,350.0,349.9908834695816,350.0,,350.0,,350.0,,350.0,348.26523065567017,350.0,,350.0,,350.0,350.0,322.0100611448288,,,,349.998539686203,,,,,,,,,350.0,,349.999874830246,,350.0,350.0,,,350.0,,350.0,
341.63183867931366,,,,,349.997079372406,,,294.6474313735962,350.0,350.0,349.99530613422394,350.0,,350.0,,350.0,350.0,350.0,349.8482942581177,350.0,,350.0,,350.0,350.0,325.62273144721985,,350.0,,349.99997913837433,,,,,350.0,,,,350.0,,349.99997913837433,,350.0,350.0,,,350.0,,350.0,
347.8337913751602,,,,,349.9965578317642,,,279.647421836853,350.0,350.0,349.9903619289398,350.0,,350.0,,350.0,350.0,350.0,349.9917596578598,350.0,,350.0,,350.0,350.0,310.62274277210236,,350.0,,349.9991238117218,,,,,350.0,,,,350.0,,349.9998539686203,,350.0,350.0,,350.0,350.0,,350.0,
347.0519185066223,,,,,349.9938666820526,,,285.54377257823944,350.0,350.0,349.9952644109726,350.0,,350.0,,350.0,350.0,350.0,349.99908208847046,349.99997913837433,,350.0,,350.0,350.0,325.62273144721985,,350.0,,349.999937415123,,,,,350.0,,,,350.0,,349.99997913837433,,350.0,350.0,,350.0,350.0,,350.0,
346.96542620658875,,,,,349.9948054552078,,,270.5437630414963,350.0,350.0,348.4563648700714,350.0,,350.0,,350.0,350.0,350.0,349.9996244907379,349.99997913837433,,350.0,,350.0,350.0,324.0833729505539,,350.0,,349.9985605478287,,,,,350.0,,,,350.0,,349.99981224536896,,350.0,350.0,,350.0,350.0,,350.0,
345.5949008464813,,,,,349.99150931835175,,,285.54377257823944,350.0,350.0,349.4243860244751,350.0,,350.0,,350.0,350.0,350.0,349.9997913837433,350.0,,350.0,,350.0,350.0,339.08338248729706,,350.0,,349.9998539686203,,,,,350.0,,,,350.0,,349.99997913837433,,350.0,350.0,,350.0,350.0,,350.0,
345.7566201686859,,,,,349.9902367591858,,,270.5437630414963,350.0,350.0,349.4100123643875,350.0,,350.0,,350.0,350.0,350.0,349.999937415123,349.99997913837433,,350.0,,350.0,350.0,348.1673061847687,,350.0,,349.99530613422394,,,,,350.0,,,,350.0,,349.99966621398926,,350.0,350.0,,350.0,350.0,,350.0,
345.45919597148895,,,,,349.97970163822174,,,285.54377257823944,350.0,350.0,349.49681758880615,350.0,,350.0,,350.0,350.0,350.0,349.99997913837433,350.0,349.68647062778473,350.0,,350.0,350.0,349.81696009635925,,350.0,350.0,350.0,,,,,350.0,,,,350.0,350.0,349.99997913837433,,350.0,350.0,,350.0,350.0,,350.0,
345.5559730529785,,,,,346.7936307191849,,,270.5437630414963,350.0,350.0,349.8856157064438,350.0,,350.0,,350.0,350.0,350.0,350.0,350.0,349.7739642858505,350.0,,350.0,350.0,349.9972462654114,,350.0,350.0,350.0,,,,,350.0,,,,350.0,350.0,349.9997913837433,,350.0,350.0,,350.0,349.9592363834381,,350.0,
345.6304907798767,,350.0,,,347.0676064491272,,,285.54377257823944,350.0,350.0,349.99639093875885,350.0,,350.0,,350.0,350.0,350.0,350.0,350.0,349.78844225406647,350.0,,350.0,350.0,348.8724708557129,,350.0,350.0,350.0,,,,,350.0,,,,350.0,350.0,349.99997913837433,334.99999046325684,349.99997913837433,350.0,,350.0,334.95922684669495,,350.0,
345.85108160972595,,350.0,,,346.81334495544434,,,270.5437630414963,350.0,350.0,349.99843537807465,350.0,,350.0,,350.0,350.0,350.0,350.0,350.0,349.8535096645355,350.0,,350.0,350.0,349.4274526834488,,334.99999046325684,350.0,350.0,,,,,350.0,,,,350.0,350.0,349.99997913837433,320.00000178813934,349.999937415123,349.99997913837433,,350.0,319.95923817157745,,350.0,
346.2362915277481,,350.0,,,346.51675522327423,,,285.54377257823944,350.0,350.0,349.9991238117218,350.0,,350.0,,350.0,350.0,350.0,349.99939501285553,350.0,349.85764026641846,350.0,,350.0,350.0,346.0567981004715,,340.3118818998337,349.9999165534973,350.0,,,,,350.0,,,,350.0,350.0,350.0,304.9999922513962,349.999874830246,349.99997913837433,,350.0,314.1574114561081,,350.0,
346.27542793750763,,350.0,,,337.87616193294525,,,278.68173718452454,350.0,350.0,339.8329824209213,350.0,,350.0,,350.0,350.0,350.0,350.0,350.0,349.88549053668976,350.0,,350.0,350.0,331.05678856372833,,339.96981382369995,349.99997913837433,350.0,,,,,350.0,,,,350.0,350.0,349.999937415123,291.7433261871338,349.9997913837433,349.99997913837433,,350.0,316.4516270160675,,350.0,
346.4489132165909,,350.0,,,337.9558742046356,,,292.28464365005493,350.0,350.0,349.3610292673111,350.0,,350.0,,350.0,350.0,350.0,350.0,350.0,349.90881383419037,350.0,,350.0,350.0,322.4648654460907,,340.60515463352203,349.999937415123,350.0,,,,,350.0,,,,350.0,350.0,350.0,305.52883446216583,349.99945759773254,349.99997913837433,,350.0,314.24340307712555,349.99974966049194,350.0,
346.85796797275543,,350.0,,,324.20493364334106,,,277.28463411331177,350.0,350.0,348.3267515897751,350.0,,350.0,,350.0,350.0,350.0,350.0,350.0,349.9082088470459,350.0,,350.0,350.0,337.46487498283386,,344.95023488998413,349.99997913837433,350.0,,,,,350.0,,,,350.0,350.0,350.0,303.6521226167679,349.9989986419678,349.99997913837433,,350.0,316.41979217529297,349.99945759773254,350.0,
347.47570157051086,,350.0,,349.999937415123,339.20492231845856,,,292.28464365005493,350.0,350.0,349.4488775730133,350.0,,350.0,,350.0,350.0,350.0,350.0,350.0,349.9391883611679,350.0,,350.0,350.0,322.4648654460907,,338.08780312538147,349.999937415123,350.0,,,,,350.0,,,,350.0,350.0,350.0,318.65213215351105,349.9983310699463,349.999937415123,,350.0,315.42634069919586,349.99954104423523,350.0,
347.48352468013763,,350.0,,350.0,324.20493364334106,,,277.28463411331177,350.0,350.0,349.593260884285,350.0,,350.0,,350.0,350.0,350.0,350.0,350.0,349.935182929039,350.0,,350.0,350.0,307.4648767709732,,348.77853095531464,349.99997913837433,350.0,,,350.0,,350.0,,,,350.0,350.0,350.0,333.65212082862854,349.99603629112244,349.99997913837433,,350.0,317.98537373542786,349.99887347221375,350.0,
347.32616543769836,,350.0,,350.0,312.7493977546692,,,286.4770174026489,349.99997913837433,350.0,349.86099898815155,350.0,,350.0,350.0,350.0,350.0,350.0,350.0,350.0,349.9509960412979,350.0,,350.0,350.0,292.46486723423004,,336.3868713378906,349.99997913837433,350.0,,,350.0,,350.0,,,,350.0,350.0,350.0,348.6521303653717,349.989715218544,349.9999165534973,,350.0,317.5404369831085,350.0,350.0,
347.8015810251236,,350.0,350.0,350.0,327.7493864297867,,,271.47702872753143,349.9999165534973,350.0,349.86003935337067,350.0,,350.0,350.0,350.0,350.0,350.0,350.0,350.0,349.957275390625,350.0,,350.0,350.0,277.46487855911255,,349.2062360048294,350.0,350.0,,,350.0,,350.0,,,,350.0,350.0,350.0,347.214075922966,349.98028576374054,349.9999165534973,,350.0,325.56475698947906,349.99997913837433,350.0,
348.2322484254837,,350.0,350.0,350.0,312.7493977546692,,,286.4770174026489,349.9995827674866,350.0,349.9769061803818,350.0,,350.0,350.0,350.0,350.0,350.0,350.0,350.0,349.9722957611084,350.0,,350.0,350.0,292.46486723423004,,336.7829501628876,350.0,350.0,,,350.0,,350.0,,,,350.0,350.0,350.0,348.7313002347946,349.9728798866272,350.0,,350.0,318.26229095458984,349.9999165534973,350.0,
348.0196475982666,,350.0,350.0,350.0,327.7493864297867,,,271.47702872753143,349.92821514606476,350.0,349.99463856220245,350.0,,350.0,350.0,350.0,350.0,350.0,350.0,350.0,349.9717116355896,350.0,,350.0,350.0,307.4648767709732,,349.1847902536392,350.0,350.0,350.0,,350.0,,350.0,,,,350.0,350.0,350.0,349.14189875125885,349.9531865119934,350.0,,350.0,333.262300491333,349.99968707561493,350.0,
346.92351520061493,,350.0,350.0,350.0,312.7493977546692,,,256.47701919078827,349.99997913837433,350.0,349.99887347221375,350.0,,350.0,350.0,350.0,350.0,350.0,350.0,350.0,349.9819129705429,350.0,,349.999937415123,350.0,322.4648654460907,,337.8344804048538,350.0,350.0,350.0,,350.0,,350.0,,,,350.0,350.0,350.0,346.52512073516846,349.93973076343536,349.99997913837433,,350.0,320.43628096580505,349.99952018260956,350.0,
348.49512577056885,,350.0,350.0,350.0,327.7493864297867,,,255.7243525981903,349.999937415123,350.0,350.0,350.0,,350.0,350.0,350.0,350.0,350.0,350.0,350.0,349.9759256839752,350.0,,349.99997913837433,350.0,337.46487498283386,,348.8454341888428,350.0,350.0,350.0,,350.0,,350.0,,,,350.0,350.0,349.9401479959488,348.56359362602234,349.88686740398407,349.99997913837433,,350.0,335.43626964092255,349.9983310699463,350.0,
349.1373509168625,,350.0,350.0,350.0,312.7493977546692,,,268.2113081216812,349.99997913837433,350.0,350.0,350.0,,350.0,350.0,350.0,350.0,350.0,350.0,350.0,349.98873472213745,350.0,,350.0,350.0,322.4648654460907,,343.85456144809723,350.0,350.0,350.0,,350.0,,350.0,,,,350.0,350.0,349.95293617248535,346.3208854198456,349.69368875026703,349.99997913837433,,350.0,327.42578089237213,349.9973088502884,350.0,
349.32483434677124,,350.0,350.0,350.0,327.7493864297867,,,253.21129858493805,349.99997913837433,350.0,350.0,350.0,,350.0,350.0,350.0,350.0,350.0,350.0,350.0,349.9834358692169,350.0,,350.0,350.0,337.46487498283386,,346.6294914484024,350.0,350.0,350.0,,350.0,,350.0,,,,350.0,350.0,334.95294749736786,348.7083524465561,349.3530184030533,350.0,,350.0,342.4257904291153,349.98785853385925,350.0,
349.47136640548706,,350.0,350.0,350.0,312.7493977546692,,,268.2113081216812,349.999937415123,350.0,350.0,350.0,,350.0,350.0,349.99997913837433,350.0,350.0,350.0,350.0,349.99276101589203,350.0,,350.0,350.0,349.76205229759216,,344.6249186992645,350.0,350.0,349.9995827674866,,350.0,,350.0,,,,350.0,350.0,340.5750721693039,346.6344565153122,348.46581518650055,350.0,,350.0,337.94533908367157,349.98239278793335,350.0,
349.6555119752884,,350.0,350.0,350.0,321.0696190595627,,,253.21129858493805,349.9999165534973,349.999937415123,350.0,350.0,,350.0,350.0,350.0,350.0,350.0,350.0,350.0,349.988317489624,350.0,,350.0,350.0,349.789422750473,,345.7227200269699,350.0,350.0,349.99968707561493,,350.0,,350.0,,,,350.0,350.0,325.5750834941864,348.5464245080948,347.79236018657684,350.0,,350.0,348.5809713602066,349.91515576839447,350.0,
349.38220381736755,,350.0,350.0,350.0,306.0696095228195,,,258.65096747875214,349.999874830246,349.999937415123,350.0,350.0,,350.0,350.0,349.99997913837433,350.0,350.0,350.0,350.0,349.9959111213684,350.0,,349.99952018260956,350.0,349.72721338272095,,346.433162689209,350.0,350.0,349.99974966049194,,350.0,,350.0,,,,350.0,350.0,340.5750721693039,347.57727682590485,345.19869685173035,350.0,,350.0,344.77284848690033,349.84197318553925,350.0,
349.5780736207962,,349.9620318412781,350.0,350.0,321.0696190595627,,,249.3519812822342,349.9997913837433,349.99966621398926,350.0,350.0,,350.0,350.0,350.0,350.0,350.0,350.0,349.99997913837433,349.9928027391434,350.0,,349.999874830246,350.0,349.81833696365356,,344.27588284015656,350.0,350.0,349.99981224536896,,350.0,,350.0,,,,350.0,350.0,325.5750834941864,348.6315816640854,342.5409257411957,350.0,,350.0,349.55785870552063,349.441534280777,350.0,
349.5553970336914,,349.849796295166,350.0,350.0,336.0696077346802,,,264.35199081897736,349.9993532896042,349.9996244907379,350.0,350.0,,350.0,350.0,349.999937415123,350.0,350.0,350.0,350.0,349.9975800514221,350.0,,349.99960362911224,350.0,349.38483238220215,,347.6440966129303,350.0,350.0,349.99981224536896,,350.0,,350.0,,,,350.0,350.0,340.5750721693039,346.0707753896713,337.47384548187256,350.0,,349.99997913837433,348.5701650381088,345.35290598869324,350.0,
349.3317812681198,,349.99881088733673,350.0,350.0,321.0696190595627,,,265.7215356826782,349.9952644109726,349.99822676181793,350.0,350.0,,349.99997913837433,350.0,349.9999165534973,350.0,350.0,350.0,349.9997913837433,349.9952435493469,349.99997913837433,,349.9999165534973,350.0,348.59953820705414,,345.510932803154,350.0,350.0,349.99945759773254,,350.0,,350.0,,,,350.0,350.0,325.5750834941864,349.91678297519684,330.8008164167404,350.0,,349.99997913837433,349.7463643550873,346.88777923583984,350.0,
349.26183223724365,,349.9946594238281,350.0,350.0,312.0258539915085,,,258.4569126367569,349.9964326620102,349.9974340200424,350.0,350.0,,350.0,350.0,349.9997913837433,350.0,350.0,350.0,349.999874830246,349.99872744083405,350.0,,349.57329630851746,350.0,347.5253313779831,,347.8300988674164,349.99997913837433,350.0,349.9731093645096,,350.0,,350.0,,,,350.0,350.0,310.57507395744324,349.89761114120483,326.8994212150574,350.0,,349.99997913837433,348.81097078323364,344.48412358760834,350.0,
348.8764554262161,,349.9977469444275,350.0,350.0,327.025842666626,,,273.4569013118744,334.99642312526703,349.9903827905655,350.0,350.0,,349.99997913837433,350.0,349.9999165534973,350.0,350.0,350.0,349.99828934669495,349.99697506427765,350.0,,349.94390308856964,350.0,347.8206276893616,,346.7524081468582,349.99997913837433,350.0,349.9802231788635,,350.0,,350.0,,,,350.0,350.0,325.5750834941864,349.95840191841125,314.2945557832718,349.948450922966,,349.99997913837433,349.8187333345413,346.2672710418701,350.0,
349.0454137325287,,349.98587667942047,350.0,350.0,312.0258539915085,,,258.4569126367569,319.99643445014954,349.84764754772186,350.0,350.0,,350.0,350.0,349.99981224536896,350.0,350.0,350.0,349.9992072582245,349.9992072582245,350.0,,349.70336854457855,350.0,344.21158730983734,,348.08617532253265,349.99997913837433,350.0,349.98391568660736,,350.0,,350.0,,,,350.0,350.0,340.5750721693039,349.98610615730286,326.5137940645218,349.9089390039444,,349.99997913837433,349.14242029190063,349.8186081647873,350.0,
349.9663919210434,,349.9958276748657,350.0,350.0,297.0258444547653,,,273.4569013118744,320.96092998981476,349.5771139860153,350.0,350.0,,349.9999165534973,350.0,349.99893605709076,350.0,350.0,350.0,349.9914884567261,349.99820590019226,349.9999165534973,,349.89279210567474,350.0,347.7172791957855,,347.99788892269135,349.99997913837433,350.0,349.98639822006226,341.6574776172638,350.0,,350.0,,,,350.0,350.0,349.9979764223099,349.98821318149567,311.5137845277786,349.99997913837433,,349.99997913837433,349.9822050333023,349.87230598926544,350.0,
349.97292160987854,,334.99581813812256,350.0,350.0,312.0258539915085,,,288.45691084861755,319.5819139480591,349.46108162403107,350.0,350.0,,349.99997913837433,350.0,349.9982684850693,350.0,350.0,350.0,349.9959111213684,349.99939501285553,349.99997913837433,,339.40899074077606,350.0,349.40473437309265,,348.8787293434143,349.99997913837433,350.0,349.988317489624,344.94656324386597,350.0,,350.0,,,,350.0,350.0,349.988254904747,349.99063313007355,321.62833511829376,349.99997913837433,,349.99997913837433,349.96685087680817,349.8060703277588,350.0,
349.9998539686203,,348.81839752197266,350.0,350.0,327.025842666626,,,279.07345592975616,328.6279320716858,334.4610929489136,350.0,350.0,,349.99981224536896,350.0,349.9980390071869,350.0,350.0,350.0,349.95095431804657,349.9988943338394,349.9997913837433,,348.22127521038055,350.0,348.16565811634064,,349.13190603256226,349.99997913837433,350.0,349.9901741743088,329.9465537071228,350.0,,350.0,,350.0,,350.0,350.0,349.99741315841675,349.9909043312073,306.6283255815506,349.99997913837433,349.99881088733673,349.99997913837433,349.9893397092819,349.86596405506134,350.0,
349.999937415123,,333.8183879852295,350.0,350.0,342.02585220336914,,,290.23202657699585,313.6279225349426,345.94235122203827,350.0,350.0,,349.99997913837433,350.0,349.9975800514221,350.0,350.0,350.0,349.97976422309875,349.99954104423523,349.999937415123,,336.51464879512787,350.0,333.5704892873764,,349.572691321373,349.99997913837433,350.0,349.9916136264801,314.9465650320053,350.0,,350.0,,349.92923736572266,,350.0,350.0,349.99223947525024,349.992635846138,307.7545404434204,349.9999165534973,349.8710125684738,349.99997913837433,349.91144239902496,343.67241859436035,350.0,
350.0,,348.81839752197266,350.0,350.0,344.10769641399384,,,277.839720249176,328.6279320716858,330.9423625469208,350.0,350.0,,349.9997287988663,350.0,349.99048709869385,350.0,350.0,350.0,349.8118907213211,349.99939501285553,349.99960362911224,,348.6546963453293,350.0,348.57049882411957,,349.7572332620621,350.0,350.0,349.9937206506729,299.94655549526215,350.0,,350.0,,349.90679025650024,,350.0,350.0,349.99755918979645,349.9923646450043,305.17114102840424,349.999937415123,349.8760402202606,349.99997913837433,349.9688744544983,349.97217059135437,350.0,
350.0,350.0,333.8183879852295,350.0,350.0,336.94671392440796,350.0,,292.8397297859192,313.6279225349426,344.21200454235077,350.0,350.0,,349.99997913837433,350.0,349.9910920858383,350.0,350.0,349.999937415123,349.78066086769104,349.9997913837433,350.0,,333.6546868085861,350.0,344.0416485071182,350.0,349.87879395484924,350.0,350.0,349.99434649944305,291.35809540748596,350.0,,350.0,,349.6168553829193,,350.0,350.0,349.9884635210037,349.99282360076904,306.92437291145325,349.9995827674866,349.93945956230164,349.999937415123,349.80193972587585,349.9594449996948,350.0,
350.0,350.0,348.81839752197266,350.0,350.0,346.85613214969635,350.0,,307.8397184610367,328.6279320716858,329.2120158672333,350.0,350.0,,349.99968707561493,350.0,349.99347031116486,350.0,350.0,349.99968707561493,349.0222781896591,349.9997913837433,349.999937415123,,348.6546963453293,350.0,329.04165983200073,350.0,349.96599555015564,350.0,350.0,349.9949097633362,284.217432141304,350.0,,350.0,,349.68805611133575,,350.0,350.0,349.9975383281708,349.99347031116486,291.92438423633575,349.99997913837433,349.9585062265396,349.999937415123,349.9900281429291,334.95943546295166,350.0,
350.0,350.0,336.7723733186722,350.0,350.0,335.62780022621155,350.0,,292.8397297859192,313.6279225349426,342.5508975982666,350.0,350.0,,349.9999165534973,350.0,349.99282360076904,350.0,350.0,349.9987691640854,349.49892461299896,349.999874830246,349.99997913837433,,333.6546868085861,349.99997913837433,314.04165029525757,350.0,349.98894333839417,350.0,350.0,349.99893605709076,299.2174416780472,350.0,,350.0,,348.2503980398178,,350.0,350.0,349.98166263103485,349.99413788318634,295.92138826847076,349.99981224536896,349.99981224536896,349.999937415123,349.98274743556976,341.2554532289505,350.0,
350.0,350.0,349.6359646320343,350.0,350.0,347.2000777721405,350.0,,307.8397184610367,328.6279320716858,339.6530717611313,350.0,350.0,,349.99952018260956,350.0,349.9878793954849,350.0,350.0,349.9987483024597,347.19976484775543,349.9990612268448,350.0,,348.6029386520386,350.0,320.59366106987,350.0,349.9962240457535,350.0,350.0,349.9999165534973,284.217432141304,350.0,,350.0,,348.9248961210251,,350.0,350.0,349.9963700771332,349.99572336673737,292.0120030641556,349.9999165534973,349.99974966049194,349.999937415123,349.976509809494,340.8999294042587,350.0,
350.0,350.0,339.8450404405594,350.0,350.0,332.20006823539734,350.0,,303.95267605781555,333.52044224739075,338.28803300857544,350.0,350.0,,349.99981224536896,350.0,349.99952018260956,350.0,350.0,349.99440908432007,348.82014989852905,349.9991446733475,350.0,,333.6029291152954,349.999937415123,335.5936497449875,350.0,349.9993532896042,350.0,350.0,349.99843537807465,299.2174416780472,349.999937415123,,349.99997913837433,,343.249449133873,,350.0,350.0,349.9545007944107,349.99630749225616,297.5677877664566,349.99974966049194,349.9999165534973,349.999937415123,349.94039833545685,341.26897156238556,350.0,
350.0,350.0,349.48354959487915,350.0,350.0,317.20007956027985,350.0,,306.1294198036194,333.3215057849884,336.7663234472275,350.0,350.0,,349.9989986419678,350.0,349.99966621398926,350.0,350.0,349.99136328697205,343.27316880226135,349.9988317489624,350.0,,347.45865762233734,349.99997913837433,348.30184280872345,350.0,349.99997913837433,350.0,350.0,349.9992072582245,284.217432141304,349.9975383281708,,349.99997913837433,,346.3947355747223,,350.0,350.0,349.9924898147583,349.9971002340317,296.4583456516266,349.99997913837433,349.99968707561493,349.999937415123,349.9976843595505,347.85162806510925,350.0,
350.0,350.0,344.08969283103943,350.0,350.0,302.2000700235367,350.0,,305.73361217975616,343.18152368068695,333.7020009756088,349.99997913837433,350.0,,349.9988317489624,350.0,349.9994784593582,350.0,350.0,349.9931573867798,347.40112125873566,349.31381940841675,349.99997913837433,,332.4586480855942,334.99996960163116,333.30185413360596,350.0,350.0,350.0,350.0,349.99974966049194,269.2174434661865,349.9965578317642,,350.0,,342.08716452121735,,350.0,350.0,349.89279210567474,349.9975800514221,282.4889212846756,349.99770522117615,349.999937415123,349.999937415123,349.901407957077,347.408652305603,350.0,
350.0,350.0,349.46817457675934,350.0,350.0,288.3408784866333,350.0,,307.1015924215317,335.6752395629883,330.5416315793991,349.9997913837433,349.9994784593582,,349.99908208847046,350.0,349.9993324279785,350.0,350.0,349.9826639890671,337.20729649066925,349.3965148925781,349.9997913837433,,347.45865762233734,319.999960064888,318.3018445968628,350.0,350.0,350.0,350.0,349.9998539686203,284.217432141304,349.9979555606842,,350.0,,343.76587867736816,,350.0,350.0,349.9758005142212,349.9981641769409,297.48893082141876,349.999874830246,349.9998539686203,349.999937415123,349.8669445514679,347.23168313503265,350.0,
350.0,350.0,344.07379627227783,350.0,350.0,296.63080871105194,350.0,,305.11147677898407,347.44305312633514,334.23837423324585,349.9993532896042,350.0,,349.99712109565735,350.0,349.9993324279785,350.0,350.0,349.9847084283829,345.8780765533447,349.6440380811691,349.9999165534973,,334.50098037719727,304.9999713897705,333.30185413360596,350.0,350.0,350.0,350.0,349.999937415123,269.9506253004074,349.9988317489624,,350.0,,338.8184815645218,,350.0,350.0,349.7396260499954,349.998477101326,282.4889212846756,349.98873472213745,350.0,349.99997913837433,349.8958170413971,332.23169445991516,350.0,
350.0,350.0,349.52911138534546,350.0,350.0,291.30343794822693,350.0,,320.11148631572723,332.44306445121765,319.2383646965027,349.99981224536896,350.0,,350.0,350.0,349.9993324279785,350.0,350.0,349.96795654296875,349.95564818382263,349.7553765773773,349.99981224536896,,343.8656598329544,289.99996185302734,318.3018445968628,350.0,350.0,350.0,349.99966621398926,349.99997913837433,284.9506139755249,349.99551475048065,,350.0,,339.9181604385376,349.99966621398926,350.0,350.0,349.9836653470993,349.9991863965988,297.48893082141876,349.9994784593582,350.0,349.99997913837433,349.83496367931366,317.231684923172,350.0,
350.0,350.0,346.0038095712662,350.0,350.0,301.1537551879883,350.0,,335.1114749908447,346.55954241752625,331.0121238231659,349.9999165534973,350.0,,350.0,350.0,349.99895691871643,350.0,350.0,349.98399913311005,334.95565950870514,349.85328018665314,349.9999165534973,,349.97348487377167,304.9999713897705,303.3018559217453,350.0,350.0,350.0,350.0,349.9992072582245,276.3186573982239,349.99253153800964,,350.0,,336.29441261291504,349.99968707561493,350.0,350.0,334.9836766719818,349.9991446733475,282.4889212846756,349.94381964206696,350.0,349.99997913837433,349.8047560453415,310.90527176856995,350.0,
350.0,350.0,349.6046721935272,350.0,350.0,286.1537456512451,350.0,,344.906947016716,349.9474495649338,316.01211428642273,349.9998539686203,350.0,,349.99997913837433,350.0,349.99624490737915,350.0,350.0,349.98510479927063,349.9502658843994,349.9626785516739,350.0,,349.95681643486023,319.999960064888,288.30184638500214,350.0,350.0,350.0,350.0,349.9992907047272,291.31866693496704,349.9916970729828,,350.0,,337.6044601202011,349.99945759773254,350.0,350.0,349.77014660835266,349.99974966049194,288.2586419582367,349.99793469905853,350.0,349.999937415123,349.7238129377365,317.8985685110092,350.0,
350.0,350.0,349.5343267917633,350.0,350.0,301.1537551879883,350.0,,348.2538193464279,349.9931573867798,318.49493980407715,349.99997913837433,350.0,,349.9999165534973,350.0,349.9952435493469,350.0,350.0,349.9787002801895,349.889412522316,349.9769687652588,349.99997913837433,,349.9449670314789,334.99996960163116,303.3018559217453,350.0,350.0,350.0,350.0,349.9992072582245,300.63407123088837,349.98852610588074,,350.0,,334.6996456384659,349.99945759773254,350.0,350.0,334.7701370716095,349.9998539686203,273.25863242149353,349.9917596578598,350.0,349.99997913837433,346.4668542146683,332.8985571861267,350.0,
350.0,350.0,349.49041306972504,350.0,350.0,286.2742841243744,350.0,,348.90764355659485,349.9802231788635,303.494930267334,349.99828934669495,349.99954104423523,,350.0,350.0,349.9931991100311,350.0,350.0,349.9702513217926,334.8894029855728,349.99551475048065,350.0,,349.7567743062973,345.27306854724884,318.3018445968628,350.0,350.0,350.0,349.7965782880783,349.99908208847046,315.63405990600586,349.9682694673538,,350.0,,332.70020484924316,349.9987483024597,350.0,350.0,349.77014660835266,349.9999165534973,288.2586419582367,349.9931991100311,350.0,349.99997913837433,344.9586421251297,330.3408592939377,350.0,
350.0,350.0,349.3791788816452,350.0,349.99997913837433,301.27429366111755,350.0,,349.3729203939438,349.9976843595505,318.49493980407715,349.8497545719147,349.9995827674866,,349.99997913837433,350.0,349.9938666820526,350.0,350.0,349.9517887830734,319.8894143104553,349.99589025974274,350.0,,349.99922811985016,341.12302362918854,333.30185413360596,350.0,350.0,350.0,349.9999165534973,349.9989986419678,300.63407123088837,349.9694585800171,,350.0,,332.3300153017044,349.9993324279785,350.0,350.0,349.9626159667969,349.999937415123,273.25863242149353,349.97173249721527,350.0,349.999937415123,346.26082479953766,322.697514295578,350.0,
350.0,350.0,349.65021312236786,350.0,350.0,286.2742841243744,350.0,,334.3729317188263,349.99843537807465,303.494930267334,349.8025447130203,349.99954104423523,,350.0,350.0,349.9976843595505,350.0,350.0,349.92339611053467,334.8894029855728,349.99895691871643,350.0,,349.999874830246,346.6187059879303,348.30184280872345,350.0,350.0,350.0,350.0,349.9988317489624,315.63405990600586,348.6515462398529,,349.99997913837433,,342.1621412038803,349.99808073043823,350.0,350.0,349.9717950820923,350.0,283.2556486129761,349.99901950359344,350.0,349.999874830246,331.26083612442017,307.69750475883484,350.0,
350.0,350.0,349.63170886039734,350.0,349.99997913837433,301.27429366111755,350.0,,319.37292218208313,349.99747574329376,313.74251544475555,349.63913559913635,349.9993324279785,,349.999937415123,350.0,349.9816834926605,350.0,350.0,349.9483048915863,349.7210383415222,349.99922811985016,349.999937415123,,349.99997913837433,331.6187173128128,349.95521008968353,350.0,350.0,350.0,349.8546361923218,349.9987483024597,330.634069442749,349.31081533432007,,349.99997913837433,,335.88815331459045,349.9988943338394,350.0,349.99997913837433,349.8820275068283,350.0,282.5309991836548,349.9891936779022,349.999937415123,349.99981224536896,346.26082479953766,320.87986171245575,350.0,
350.0,350.0,349.9924898147583,350.0,350.0,288.7439042329788,350.0,,304.37293350696564,349.9976843595505,298.74252676963806,349.6040254831314,349.99718368053436,,350.0,350.0,350.0,350.0,350.0,349.64468479156494,334.72102880477905,349.99960362911224,349.99997913837433,,349.999937415123,316.61870777606964,334.95520055294037,349.9994158744812,350.0,350.0,348.9263981580734,349.99860227108,345.6340581178665,349.62695240974426,,349.99997913837433,,339.3842488527298,349.9959111213684,350.0,349.99997913837433,349.93902146816254,350.0,283.457213640213,349.9833941459656,349.99981224536896,349.99974966049194,349.8624801635742,308.4293305873871,350.0,
350.0,350.0,349.85342621803284,350.0,349.99997913837433,294.0656840801239,350.0,,289.3729239702225,349.99747574329376,313.74251544475555,349.1463214159012,349.9931573867798,,349.999874830246,350.0,350.0,350.0,350.0,349.8380094766617,349.38927590847015,349.99981224536896,349.99997913837433,,349.99011158943176,331.6187173128128,319.9551910161972,349.96962547302246,350.0,350.0,349.6753931045532,349.99997913837433,341.49048030376434,349.999937415123,,349.99997913837433,,335.6317847967148,349.9986857175827,350.0,349.9998539686203,349.9997913837433,350.0,298.4572231769562,350.0,349.999874830246,350.0,346.2341636419296,320.2659875154495,350.0,
350.0,350.0,349.88578259944916,350.0,349.99997913837433,279.06567454338074,350.0,,286.2896800041199,349.96847808361053,298.74252676963806,349.23558831214905,349.98587667942047,,349.99997913837433,350.0,350.0,350.0,350.0,349.9119848012924,334.38928723335266,349.9998539686203,349.99997913837433,,349.9666213989258,336.98361814022064,304.9552023410797,350.0,350.0,350.0,350.0,349.9973714351654,348.9790737628937,350.0,,349.99997913837433,,336.6142839193344,349.9951183795929,350.0,349.999937415123,349.99974966049194,350.0,283.457213640213,350.0,349.9993532896042,350.0,346.3023394346237,309.54471826553345,350.0,
350.0,350.0,349.98291432857513,350.0,349.999937415123,286.89105808734894,350.0,,301.28966867923737,349.9539166688919,313.74251544475555,348.2401132583618,349.93843734264374,,350.0,350.0,350.0,350.0,350.0,349.95548129081726,319.3892776966095,349.99968707561493,349.999937415123,,349.99954104423523,321.9836086034775,319.9551910161972,350.0,350.0,350.0,350.0,350.0,346.1485892534256,349.9088764190674,,349.99997913837433,,334.81937050819397,349.9987691640854,350.0,349.999937415123,349.99968707561493,350.0,283.9672178030014,349.99997913837433,349.9993324279785,349.99997913837433,349.41954612731934,315.737783908844,350.0,
350.0,350.0,349.96962547302246,350.0,350.0,271.8910485506058,350.0,,316.28967821598053,349.95331168174744,307.3230803012848,349.43054020404816,346.879580616951,,350.0,350.0,350.0,350.0,350.0,349.97540414333344,334.38928723335266,349.9997287988663,349.9999165534973,,350.0,336.98361814022064,334.95520055294037,350.0,350.0,350.0,349.99997913837433,349.9999165534973,349.53261613845825,349.7313857078552,,349.99997913837433,,334.3477725982666,349.99536871910095,350.0,349.9998539686203,349.9997287988663,350.0,288.71960043907166,350.0,349.99843537807465,349.999937415123,349.03070628643036,314.11764919757843,350.0,
350.0,350.0,349.99609887599945,350.0,350.0,286.89105808734894,350.0,,331.289666891098,349.92946684360504,322.32308983802795,349.9776363372803,346.58461809158325,,350.0,350.0,350.0,350.0,350.0,349.991238117218,349.38927590847015,349.980890750885,349.9998539686203,,349.999937415123,349.94513392448425,347.544127702713,350.0,350.0,350.0,350.0,350.0,348.51598739624023,346.72979414463043,,349.99997913837433,,332.64911472797394,349.6938556432724,350.0,349.99997913837433,349.9995827674866,350.0,303.7196099758148,350.0,349.9992698431015,349.99895691871643,349.21268224716187,329.1176378726959,350.0,
350.0,350.0,349.98303949832916,350.0,350.0,274.85356628894806,350.0,,316.6322886943817,348.11410903930664,330.33059537410736,349.99755918979645,349.0698218345642,,349.999874830246,350.0,350.0,350.0,350.0,349.9982684850693,349.8559921979904,349.98245537281036,349.99974966049194,,349.9998539686203,350.0,347.3543703556061,350.0,350.0,350.0,349.97625946998596,350.0,349.7175335884094,347.6528376340866,,350.0,,326.81616246700287,346.4510202407837,350.0,349.9999165534973,349.99945759773254,350.0,288.71960043907166,350.0,350.0,349.998477101326,345.77627182006836,344.1176474094391,350.0,
350.0,350.0,349.99881088733673,350.0,350.0,289.8535758256912,350.0,,318.79605650901794,349.91423785686493,344.0999150276184,349.99945759773254,345.62848806381226,,349.99997913837433,350.0,350.0,350.0,350.0,349.99893605709076,349.8984456062317,339.3964946269989,349.99981224536896,,349.9997913837433,350.0,349.93797838687897,350.0,350.0,350.0,349.91778433322906,350.0,349.5142161846161,335.6054365634918,,350.0,,328.1542897224426,349.15604293346405,350.0,350.0,349.9972879886627,350.0,277.2185444831848,350.0,350.0,349.99545216560364,349.40997064113617,349.9400019645691,350.0,
350.0,350.0,349.9988943338394,350.0,349.9999165534973,304.8535853624344,349.99997913837433,,333.02522897720337,349.868905544281,329.09990549087524,339.94882702827454,349.21241104602814,,344.76081132888794,350.0,350.0,350.0,350.0,349.9996244907379,334.8984360694885,345.2577143907547,349.9997913837433,,349.99954104423523,349.99960362911224,349.26087260246277,350.0,350.0,350.0,349.7106909751892,350.0,344.44534182548523,320.60544788837433,,350.0,,321.38277292251587,334.1560333967209,350.0,350.0,349.9940752983093,350.0,292.2185331583023,350.0,350.0,349.99908208847046,349.42828714847565,334.9399924278259,350.0,
350.0,350.0,349.999874830246,350.0,349.99981224536896,319.8535740375519,349.99997913837433,,318.0252403020859,349.9872535467148,314.09991681575775,347.4179357290268,347.3070979118347,,339.78769183158875,350.0,349.99997913837433,350.0,350.0,350.0,319.89844739437103,339.21243250370026,349.9998539686203,,349.9981015920639,349.1569608449936,349.74822103977203,349.99997913837433,350.0,350.0,350.0,350.0,329.44535315036774,335.6054365634918,,350.0,,329.5297175645828,349.15604293346405,350.0,350.0,349.996954202652,350.0,307.21854269504547,350.0,350.0,349.9997913837433,349.98101592063904,319.94000375270844,350.0,
350.0,350.0,349.999937415123,350.0,349.9992907047272,334.85358357429504,349.999874830246,,333.02522897720337,349.95009899139404,299.0999072790146,332.4179470539093,348.91020953655243,,345.0251489877701,350.0,349.99997913837433,350.0,350.0,350.0,334.8984360694885,349.13634955883026,349.999937415123,,349.9897986650467,348.63635897636414,344.58269476890564,349.99997913837433,350.0,350.0,350.0,350.0,344.44534182548523,349.64328706264496,,350.0,,314.52972888946533,344.10193860530853,349.9997913837433,350.0,349.9489098787308,350.0,322.21853137016296,350.0,350.0,349.999874830246,334.98102724552155,304.93999421596527,350.0,
350.0,350.0,349.999937415123,350.0,349.999937415123,349.85357224941254,349.99974966049194,,340.7138019800186,349.95498061180115,284.0999186038971,344.1294550895691,344.2168653011322,,349.9420255422592,350.0,349.91436302661896,350.0,350.0,350.0,319.89844739437103,347.7478414773941,349.999937415123,,349.9535620212555,349.7696250677109,346.21774554252625,349.99968707561493,350.0,350.0,350.0,350.0,349.9678313732147,349.97363090515137,,350.0,,328.37154269218445,349.6490240097046,349.99887347221375,350.0,349.9533951282501,350.0,331.397145986557,350.0,350.0,349.99997913837433,345.7214891910553,293.2114839553833,350.0,
350.0,350.0,349.99997913837433,350.0,349.99741315841675,349.99908208847046,349.7444450855255,,343.6166971921921,349.9976843595505,269.09990906715393,329.1294455528259,348.5391438007355,,349.30493235588074,350.0,349.9987691640854,350.0,350.0,350.0,304.89843785762787,349.8752683401108,349.999937415123,,349.99309480190277,349.9063313007355,348.90042543411255,350.0,350.0,350.0,349.99997913837433,350.0,334.96784269809723,349.98662769794464,,350.0,,313.37155401706696,342.0358657836914,350.0,350.0,349.9635547399521,350.0,332.88357853889465,350.0,350.0,349.999937415123,349.6850520372391,304.0202885866165,350.0,
350.0,350.0,349.9998539686203,350.0,349.9999165534973,349.99545216560364,349.39678609371185,,349.25928711891174,349.99997913837433,284.0999186038971,338.1205141544342,349.3209332227707,,344.4641172885895,350.0,349.99603629112244,350.0,350.0,350.0,289.8984283208847,349.1870641708374,349.9999165534973,,349.9952644109726,349.99338686466217,349.4929790496826,349.9999165534973,350.0,350.0,349.99952018260956,350.0,343.68875324726105,348.87900054454803,,350.0,,298.3715444803238,349.6690720319748,349.999937415123,350.0,349.96947944164276,350.0,346.7835336923599,350.0,350.0,350.0,349.99493062496185,305.3737282752991,350.0,
350.0,350.0,349.999937415123,350.0,349.9996244907379,349.9971002340317,349.5761126279831,,345.0139671564102,350.0,299.0999072790146,323.12050461769104,349.752476811409,,344.95611786842346,350.0,349.98406171798706,350.0,350.0,350.0,300.72237849235535,349.94315207004547,349.99981224536896,,349.93960559368134,349.9877542257309,349.7007817029953,350.0,350.0,350.0,349.79211390018463,350.0,328.6887437105179,349.852779507637,,350.0,,313.37155401706696,343.3325409889221,349.99997913837433,350.0,349.8683214187622,350.0,348.0518788099289,349.99997913837433,350.0,350.0,349.99952018260956,320.37371695041656,350.0,
350.0,349.999874830246,349.99968707561493,350.0,349.9997287988663,349.99741315841675,349.08173382282257,,348.71173202991486,350.0,314.09991681575775,308.12051594257355,349.61391389369965,,329.9561083316803,350.0,349.9999165534973,350.0,350.0,350.0,312.8709375858307,349.8422861099243,349.99966621398926,,349.8638987541199,350.0,334.70077216625214,350.0,350.0,350.0,349.9907582998276,350.0,343.38857531547546,349.90802109241486,,350.0,,321.6676592826843,349.8587667942047,349.999937415123,350.0,349.90954399108887,350.0,349.69942569732666,350.0,350.0,350.0,349.999937415123,309.1319292783737,350.0,
350.0,349.99960362911224,349.99966621398926,350.0,349.9998539686203,349.9989986419678,336.65310740470886,,333.7117224931717,350.0,329.09990549087524,319.731742143631,349.12310242652893,,344.95611786842346,350.0,349.99895691871643,350.0,350.0,349.99968707561493,297.8709489107132,349.9833106994629,349.99566078186035,,348.50313663482666,350.0,333.0219119787216,350.0,350.0,350.0,349.9992072582245,350.0,328.38858664035797,349.7120678424835,,350.0,,309.7277581691742,345.95096707344055,350.0,350.0,349.9908834695816,350.0,349.8243033885956,350.0,350.0,350.0,349.99997913837433,323.60827028751373,350.0,
349.99997913837433,349.9972879886627,349.9977469444275,350.0,349.9998539686203,349.99630749225616,339.6831125020981,,318.7117338180542,350.0,344.0999150276184,304.7317534685135,347.1394956111908,,349.4183361530304,350.0,349.99513924121857,350.0,350.0,349.99997913837433,312.8709375858307,349.9183267354965,349.99405443668365,,341.0425394773483,350.0,318.02190244197845,350.0,350.0,350.0,349.99960362911224,350.0,341.88680946826935,336.89823150634766,,350.0,,317.349636554718,347.76697158813477,349.99997913837433,350.0,349.9897986650467,350.0,349.9862730503082,350.0,350.0,350.0,350.0,308.60828161239624,350.0,
350.0,349.9951809644699,349.99025762081146,350.0,349.999937415123,349.99814331531525,348.0339378118515,,327.4587005376816,350.0,329.09990549087524,289.7317439317703,341.9775366783142,,349.46387708187103,350.0,349.81769025325775,350.0,350.0,350.0,297.8709489107132,349.98959004879,349.9765306711197,,348.1977015733719,349.999937415123,303.5899966955185,349.94461238384247,350.0,350.0,349.9997287988663,350.0,326.8867999315262,341.3082331418991,,350.0,,302.3496478796005,332.7669620513916,350.0,350.0,349.96801912784576,350.0,349.9982684850693,350.0,350.0,349.99997913837433,350.0,293.8965171575546,350.0,
350.0,349.9671012163162,346.7675745487213,349.999874830246,349.999874830246,349.99808073043823,333.03392827510834,,312.4587118625641,350.0,314.09991681575775,274.73175525665283,326.9775480031967,,348.9980161190033,350.0,347.8631228208542,350.0,349.99893605709076,350.0,304.3282479047775,349.97861683368683,349.95074570178986,,333.1976920366287,349.99954104423523,318.59000623226166,349.68674182891846,350.0,350.0,349.99895691871643,350.0,341.88680946826935,326.30822360515594,,349.99997913837433,,317.349636554718,317.7669733762741,349.999937415123,350.0,349.9082714319229,350.0,349.9957859516144,350.0,350.0,349.99997913837433,350.0,294.98357474803925,350.0,
350.0,349.755522608757,346.0136145353317,349.96847808361053,349.99939501285553,349.5854586362839,348.0339378118515,,308.63125026226044,349.99974966049194,299.0999072790146,273.97756576538086,311.97753846645355,,349.01205599308014,350.0,332.8631341457367,350.0,349.9993324279785,350.0,297.5354939699173,349.9974340200424,349.75243508815765,,318.19768249988556,349.99209344387054,333.58999490737915,348.48782420158386,350.0,350.0,349.985209107399,350.0,326.8867999315262,311.30823493003845,,349.99997913837433,,332.3496460914612,306.94742500782013,349.99997913837433,350.0,349.93718564510345,350.0,349.9941796064377,350.0,350.0,350.0,350.0,309.9835842847824,350.0,
350.0,348.27735126018524,341.08467996120453,349.69083070755005,349.998539686203,349.92441833019257,342.7457869052887,,299.0777522325516,349.99144673347473,314.09991681575775,258.97757709026337,326.9775480031967,,349.99484717845917,349.9986231327057,317.86312460899353,350.0,349.9836027622223,350.0,312.5354826450348,349.99069571495056,348.5566049814224,,303.19769382476807,349.9745488166809,318.59000623226166,349.93829131126404,350.0,350.0,349.99808073043823,350.0,338.985812664032,296.3082253932953,,349.99997913837433,,347.3496347665787,321.9474136829376,349.9999165534973,350.0,339.6840512752533,350.0,349.99513924121857,350.0,350.0,350.0,350.0,324.9835729598999,350.0,
350.0,349.99230206012726,326.08469128608704,348.5300898551941,349.9986857175827,349.92312490940094,349.40817654132843,,314.07776176929474,349.991238117218,299.0999072790146,273.97756576538086,341.9775366783142,,349.99077916145325,349.9971628189087,323.2221633195877,350.0,349.9599874019623,350.0,307.47096836566925,349.9951183795929,335.0044548511505,,288.1976842880249,349.97204542160034,303.5899966955185,349.5424419641495,350.0,350.0,349.99173879623413,350.0,323.9858031272888,309.55471098423004,,349.99997913837433,,348.7111270427704,336.9474232196808,349.9997287988663,349.99997913837433,349.2049217224121,350.0,349.9998539686203,350.0,349.9987483024597,349.9998539686203,349.1373509168625,339.98358249664307,350.0,
350.0,349.94974434375763,312.45020031929016,348.35798144340515,334.9986970424652,349.92245733737946,349.969145655632,,299.0777522325516,349.9490350484848,284.0999186038971,258.97757709026337,326.9775480031967,,349.9580889940262,349.9945968389511,308.2221746444702,350.0,349.3471771478653,350.0,309.04105603694916,349.9891936779022,349.97598826885223,,273.1976956129074,349.84307885169983,288.58998715877533,350.0,350.0,350.0,349.999937415123,350.0,338.985812664032,324.5547205209732,,349.99997913837433,,338.6719912290573,321.9474136829376,349.9993324279785,349.999937415123,339.29592072963715,350.0,349.99682903289795,349.4539886713028,349.94943141937256,349.9999165534973,349.6671736240387,349.9986231327057,350.0,
349.99589025974274,349.84708428382874,303.9277881383896,333.357971906662,319.99868750572205,349.9790132045746,349.9839574098587,,314.07776176929474,349.8998433351517,299.0999072790146,273.97756576538086,339.27359879016876,,349.96184408664703,349.97628033161163,293.22216510772705,349.99997913837433,349.29181039333344,350.0,296.4378595352173,349.99530613422394,349.24645721912384,,271.5057134628296,348.7882733345032,273.58999848365784,349.954292178154,350.0,349.9986231327057,349.9999165534973,350.0,323.9858031272888,339.5547091960907,,349.999937415123,,348.3016759157181,306.94742500782013,349.99881088733673,349.9997913837433,335.48030853271484,350.0,349.9997913837433,349.99194741249084,349.9991863965988,350.0,348.15195202827454,349.999937415123,350.0,
349.9852925539017,347.1599817276001,301.7666280269623,330.3338289260864,304.9986779689789,349.9917596578598,349.99835193157196,,323.4933853149414,349.9907582998276,292.6553547382355,264.3227219581604,324.2735892534256,,349.7669756412506,349.91809725761414,278.22217643260956,349.999874830246,348.632937669754,350.0,299.6332138776779,349.9992907047272,334.24646854400635,,286.5057021379471,333.78826379776,266.76922738552094,339.50063586235046,350.0,349.99968707561493,349.999874830246,349.99997913837433,338.985812664032,343.8384771347046,,349.9998539686203,,333.3016663789749,295.159187912941,349.9967038631439,349.99954104423523,320.48031985759735,350.0,349.9955356121063,349.99776780605316,349.9895066022873,350.0,343.7041908502579,350.0,350.0,
349.97429847717285,332.15997219085693,287.3042017221451,315.33384025096893,289.9986892938614,349.9978095293045,348.77350330352783,,308.49337577819824,349.97290074825287,289.46794867515564,278.7655383348465,309.27357971668243,,349.07388985157013,349.56353306770325,263.2221668958664,349.9992072582245,342.1233594417572,350.0,284.63320434093475,349.9992072582245,319.2464590072632,,271.5057134628296,318.7882751226425,251.76921784877777,349.80871975421906,350.0,349.9997287988663,349.9965161085129,349.999937415123,323.9858031272888,328.8384675979614,,349.99952018260956,,344.4396048784256,310.1591765880585,349.9863564968109,349.99793469905853,305.4803103208542,350.0,349.9818503856659,349.9958485364914,334.9894970655441,350.0,328.7042021751404,349.9950557947159,350.0,
350.0,317.15998351573944,290.4652386903763,330.3338289260864,274.9986797571182,349.99209344387054,340.9460127353668,,305.37752509117126,334.9728912115097,274.46796000003815,263.76552879810333,324.2735892534256,,346.94631695747375,349.9875873327255,265.8990263938904,349.9973088502884,345.0487017631531,350.0,299.6332138776779,349.99632835388184,304.2464703321457,,256.5057039260864,303.78826558589935,247.16428518295288,334.8087102174759,350.0,350.0,349.9560445547104,349.99954104423523,308.9858144521713,342.74682998657227,,349.9971002340317,,329.43959534168243,295.159187912941,334.9863678216934,348.7624257802963,320.48031985759735,349.99589025974274,349.99259412288666,349.97940957546234,324.0805357694626,350.0,313.7041926383972,349.94571805000305,349.97911751270294,
350.0,302.1599739789963,275.4652500152588,324.2598831653595,259.99869108200073,349.9871492385864,347.75503873825073,,311.46826446056366,319.9729025363922,259.467950463295,265.7844752073288,309.27357971668243,,331.94632828235626,349.9810993671417,250.89901685714722,349.74083602428436,330.0487130880356,350.0,284.63320434093475,349.9859392642975,289.2464607954025,,260.8115643262863,297.1412092447281,232.1642965078354,319.8087215423584,350.0,350.0,347.08279371261597,349.9972879886627,305.88571429252625,327.7468204498291,,349.9929279088974,,314.43960666656494,296.8548208475113,319.98635828495026,340.6367391347885,305.4803103208542,349.999874830246,349.99463856220245,349.97496604919434,321.8299835920334,349.9996244907379,298.70418310165405,347.0737814903259,334.97912883758545,
349.99966621398926,299.7054785490036,260.4652404785156,309.259894490242,244.99868154525757,349.8484194278717,334.1057151556015,,301.8483638763428,305.735844373703,244.4679617881775,250.7844865322113,321.4162975549698,,316.9463187456131,349.2467075586319,265.8990263938904,334.74084734916687,332.22637474536896,349.9977469444275,269.63321566581726,349.9071031808853,274.24645125865936,,245.8400309085846,282.1411997079849,247.16428518295288,304.80871200561523,350.0,350.0,332.0827841758728,349.96524453163147,304.22702729701996,312.7468317747116,,349.9816834926605,,300.12640357017517,281.8548321723938,306.9656163454056,325.636750459671,301.8542468547821,349.99968707561493,349.9994158744812,349.69076812267303,322.8862911462784,349.9999165534973,292.6258772611618,332.07379281520844,319.9791193008423,
349.98610615730286,284.70546901226044,245.46523094177246,294.25988495349884,259.99869108200073,349.273619055748,349.105703830719,,298.47939908504486,310.34359335899353,229.46795225143433,235.78447699546814,306.4162880182266,,301.94630920886993,346.6504782438278,269.12170946598053,319.7408378124237,317.22638607025146,349.97000098228455,254.6332061290741,334.9071145057678,259.24646258354187,,260.8400195837021,280.3421974182129,232.1642965078354,289.80872333049774,350.0,349.99887347221375,317.0827955007553,349.58810806274414,289.2270177602768,313.0715847015381,,349.88125562667847,,315.12641310691833,273.6607402563095,300.3346651792526,317.0676290988922,288.6729747056961,349.98274743556976,349.99616146087646,342.0435845851898,307.8862816095352,349.99893605709076,307.62588679790497,337.0021015405655,334.97912883758545,
349.926421046257,285.91195940971375,230.46524226665497,305.83343505859375,253.8806438446045,346.642404794693,341.2014216184616,,284.6068352460861,295.34360468387604,214.46796357631683,237.04839944839478,293.8590705394745,,286.94632053375244,331.6504895687103,266.6356712579727,304.7408491373062,317.97275245189667,350.0,239.6332174539566,349.62010979652405,244.2464530467987,,259.01819467544556,265.3421878814697,247.16428518295288,274.8087137937546,350.0,350.0,303.35088074207306,343.02812814712524,304.22702729701996,310.4652166366577,,334.8812460899353,,300.12640357017517,258.66073071956635,315.3346538543701,310.54626405239105,288.3860856294632,343.7388628721237,349.9981641769409,338.3636772632599,298.25826585292816,349.99901950359344,292.6258772611618,331.3302218914032,349.87695813179016,
349.3876278400421,270.9119498729706,215.4652327299118,290.8334255218506,246.43074870109558,341.0581022500992,326.20141208171844,,269.6068465709686,286.65073215961456,199.46795403957367,222.04841077327728,306.07628524303436,,271.9463109970093,316.65048003196716,259.00369584560394,289.74083960056305,302.9727429151535,350.0,242.23382771015167,334.62012112140656,259.24646258354187,,274.01818335056305,254.81822788715363,260.30193567276,259.8087251186371,349.9992907047272,349.9015748500824,299.91701543331146,328.02813947200775,289.2270177602768,295.46520709991455,,319.8812574148178,,286.9735658168793,243.66074204444885,300.3346651792526,299.0708261728287,273.38607609272003,349.68200623989105,349.9978095293045,349.916011095047,287.47927248477936,349.99200999736786,307.62588679790497,329.00310754776,334.876948595047,
334.3876391649246,255.9119611978531,200.4652440547943,275.8334368467331,244.04225945472717,326.0581135749817,311.20142340660095,,263.92862498760223,280.9018313884735,184.46796536445618,226.40642523765564,291.07629656791687,,256.9463223218918,301.65049135684967,244.00368630886078,274.74085092544556,301.74063444137573,350.0,227.2338181734085,347.3257690668106,244.2464530467987,,259.01819467544556,239.81821835041046,262.457400560379,274.8087137937546,334.9993020296097,348.8352954387665,284.91702675819397,313.0281299352646,274.2270290851593,291.34146869182587,,304.88124787807465,,280.7797908782959,228.6607325077057,287.4128073453903,294.37462389469147,258.38608741760254,334.6819967031479,349.99755918979645,334.9160224199295,287.71528005599976,349.9516636133194,302.65366435050964,328.68584394454956,319.8769599199295,
334.737092256546,270.9119498729706,209.85159873962402,260.83342730998993,239.73214328289032,311.0581040382385,323.13345968723297,,251.87696814537048,295.901820063591,179.33039367198944,211.40641570091248,276.0762870311737,,241.94631278514862,294.192773103714,229.0036976337433,289.74083960056305,286.74062490463257,334.99999046325684,229.60622310638428,332.3257803916931,250.8529543876648,,244.0181851387024,228.75621616840363,247.45739102363586,259.8087251186371,347.74665236473083,333.835306763649,269.9170172214508,298.0281412601471,260.3683799505234,276.3414591550827,,289.88125920295715,,265.77978134155273,213.6607438325882,277.9062479734421,279.374635219574,247.51713871955872,319.6820080280304,349.99566078186035,319.91601288318634,272.7152705192566,349.58685636520386,296.97435796260834,319.03189718723297,304.87695038318634,
319.73708271980286,255.9119611978531,194.85161006450653,245.83343863487244,254.73215281963348,307.4245095252991,308.1334501504898,,266.876956820488,280.9018313884735,164.3303945660591,202.6281774044037,261.0762983560562,,226.94632411003113,281.6573768854141,219.18556988239288,301.21704936027527,271.7406362295151,335.3515297174454,219.63534653186798,317.32577085494995,235.85294485092163,,253.7367194890976,224.13647174835205,235.78675091266632,244.80871558189392,332.74664282798767,348.8352954387665,268.0859923362732,287.6690924167633,275.36836862564087,264.7618383169174,,274.881249666214,,250.77979266643524,198.66073429584503,267.88469851017,277.1064758300781,232.51712918281555,304.68199849128723,349.9421089887619,304.91602420806885,287.71528005599976,334.5868468284607,300.8620262145996,323.1008321046829,297.61245250701904,
314.5408272743225,240.91195166110992,190.36600589752197,230.83342909812927,239.73214328289032,292.4244999885559,293.1334614753723,,251.8769472837448,287.4498575925827,179.33039367198944,206.9590926170349,246.07628881931305,,211.94631457328796,277.97997295856476,228.67168486118317,286.2170398235321,256.7406266927719,320.3515410423279,220.3402191400528,302.32578217983246,220.85295617580414,,254.9382448196411,220.77353596687317,220.78676223754883,229.80870604515076,317.7466332912445,333.835306763649,283.08600187301636,278.09963524341583,260.3683799505234,249.76184964179993,,280.46390414237976,,239.84223008155823,183.66074562072754,258.6160033941269,262.10646629333496,247.51713871955872,289.68200981616974,334.94209945201874,289.9160146713257,279.99445497989655,325.28429329395294,285.8620375394821,308.10082256793976,299.2616891860962,
303.2852500677109,225.91196298599243,175.36601722240448,215.83344042301178,224.73215460777283,277.42449045181274,278.13345193862915,,236.87695860862732,272.4498689174652,192.81968772411346,200.7291853427887,231.07630014419556,,196.94632589817047,269.8478400707245,213.67169618606567,271.2170511484146,246.28653228282928,318.4503376483917,235.34022867679596,287.3257726430893,205.85294663906097,,239.93825614452362,218.67005825042725,205.78675270080566,214.80871737003326,304.8773467540741,348.8352954387665,268.0859923362732,263.09964656829834,245.3683704137802,234.76184010505676,,265.4638946056366,,238.17313313484192,176.4941304922104,244.2794144153595,263.10976445674896,232.51712918281555,274.6820002794266,319.94211077690125,285.1338416337967,272.9809641838074,310.28430461883545,293.19988489151,307.4818164110184,284.261679649353,
288.2852405309677,240.91195166110992,170.70446610450745,200.83343088626862,209.73214507102966,265.35326540470123,263.13346326351166,,232.28819370269775,287.4498575925827,177.8196781873703,202.87876725196838,216.0762906074524,,197.17417657375336,265.4385894536972,198.6716866493225,256.21704161167145,231.28652274608612,318.3295279741287,220.3402191400528,272.3257839679718,220.85295617580414,,229.14722561836243,203.67006957530975,190.78676402568817,199.8087078332901,290.79159796237946,342.9507106542587,269.80221569538116,277.8866797685623,230.36838173866272,249.76184964179993,,265.29681384563446,,233.6288869380951,191.49411916732788,229.279425740242,248.10977578163147,223.1684923171997,259.6820116043091,334.94209945201874,275.33236145973206,262.9216343164444,313.6662870645523,278.1998962163925,292.4818068742752,269.26169097423553,
273.2852518558502,225.91196298599243,158.28011631965637,215.83344042301178,194.73215639591217,250.35327672958374,248.1334537267685,,234.52971279621124,272.4498689174652,192.81968772411346,187.8787785768509,201.0763019323349,,186.60732507705688,250.4386007785797,198.68149161338806,241.21703207492828,216.28653407096863,303.32951843738556,232.42769539356232,257.32577443122864,206.71480298042297,,237.74461448192596,208.5733860731125,187.87076771259308,184.8087191581726,280.9487909078598,327.95072197914124,254.802206158638,262.8866910934448,215.36837220191956,234.76184010505676,,261.0212028026581,,223.44755828380585,176.4941304922104,214.27941620349884,244.55046951770782,219.2984104156494,244.68200206756592,319.94211077690125,274.93457198143005,259.6510946750641,298.6662983894348,282.34539330005646,291.66826605796814,254.26168143749237,
258.28524231910706,210.91195344924927,143.28011721372604,213.5577917098999,179.732146859169,235.35326719284058,233.13344419002533,,229.08142805099487,257.44985938072205,183.08116793632507,194.47952210903168,192.54028797149658,,195.40423452854156,235.43859124183655,195.76753973960876,233.87951850891113,201.28652453422546,288.32952976226807,217.42768585681915,242.32576489448547,193.14429461956024,,222.7446049451828,193.57337653636932,202.87075638771057,169.80872005224228,265.94878137111664,315.26201367378235,254.26351726055145,247.88668155670166,200.36838352680206,224.8172491788864,,266.6522145271301,,228.42451632022858,166.8431669473648,199.27942752838135,229.55048084259033,210.24419367313385,229.68201339244843,304.9421012401581,259.9345624446869,250.00636875629425,283.66628885269165,267.34540462493896,276.66827738285065,239.26169276237488,
243.28525364398956,195.91196477413177,148.17454665899277,203.54333519935608,194.73215639591217,220.35327851772308,218.13345551490784,,230.99798560142517,242.44984984397888,187.5967502593994,179.4795125722885,178.44665348529816,,180.40424585342407,235.65886914730072,197.58948981761932,228.88453602790833,186.28653585910797,273.3295202255249,202.42769718170166,227.32577621936798,197.68904149532318,,207.7446162700653,178.57338786125183,187.87076771259308,174.1627812385559,259.3612015247345,300.26202499866486,239.26352858543396,232.88669288158417,185.3683739900589,239.8172378540039,,260.468327999115,,213.85079324245453,158.86121690273285,184.27941799163818,220.0250208377838,196.41587734222412,214.68200385570526,289.9421125650406,244.9345737695694,235.0063592195511,268.66630017757416,252.3453950881958,261.6682678461075,237.83438205718994,
228.2852441072464,180.9119552373886,140.35629779100418,188.54332566261292,179.732146859169,205.35326898097992,203.13344597816467,,219.16577219963074,227.4498611688614,184.22448933124542,194.47952210903168,193.44666302204132,,195.40423452854156,220.8300083875656,197.81235456466675,213.88452649116516,171.2865263223648,258.3295315504074,204.64259684085846,218.24871599674225,182.68903195858002,,192.74460673332214,163.57337832450867,202.87075638771057,160.74738949537277,244.361212849617,291.5354400873184,230.32980859279633,217.886683344841,170.36837488412857,246.70370221138,,262.7486914396286,,198.85080456733704,167.9146721959114,169.27941888570786,235.02503037452698,196.982541680336,199.68201518058777,274.9421030282974,229.93456423282623,220.0063705444336,253.666290640831,237.3454064130783,276.66827738285065,227.43982672691345,
213.2852554321289,195.91196477413177,140.1726946234703,173.54333698749542,164.73214775323868,190.35328030586243,188.13345730304718,,204.16576266288757,212.44985163211823,169.2244902253151,179.4795125722885,178.44665348529816,,183.84570479393005,221.9492346048355,188.77340853214264,198.88453781604767,156.28652721643448,243.32952201366425,193.3449000120163,203.24872732162476,167.68904328346252,,177.74461805820465,161.6289809346199,187.87076771259308,153.56751680374146,236.54642701148987,292.6495134830475,215.32979905605316,202.8866946697235,167.10507422685623,231.7037135362625,,252.6613026857376,,183.85079503059387,152.91467308998108,154.27941977977753,249.75650906562805,181.9825530052185,184.6820056438446,259.94211435317993,214.93457555770874,205.00636100769043,266.3527876138687,222.34539687633514,261.6682678461075,231.95413649082184,
198.28524589538574,185.40529906749725,140.0209054350853,175.20461082458496,158.26458483934402,175.35327076911926,179.03931140899658,,198.58168959617615,197.44986295700073,184.22448933124542,194.47952210903168,179.61198389530182,,198.76018166542053,206.94922506809235,173.7734094262123,183.8845282793045,141.86047315597534,228.32953333854675,189.60280418395996,188.2487177848816,181.01926743984222,,162.7446085214615,150.30554085969925,172.87075817584991,150.46699941158295,221.5464174747467,277.6495039463043,200.32981038093567,187.88668513298035,152.1050751209259,217.33264029026031,,245.73739171028137,,193.12802255153656,162.12201416492462,140.46295285224915,234.75652039051056,175.72562992572784,183.88561308383942,244.94210481643677,204.05354797840118,190.00637233257294,251.35277807712555,207.34540820121765,246.66827917099,216.95412695407867,
183.28525722026825,170.40529996156693,140.01676440238953,179.20645475387573,162.4495416879654,160.35327166318893,177.30890214443207,,183.58170092105865,182.44985342025757,169.2244902253151,209.00036096572876,164.6119847893715,,183.76017212867737,191.94923639297485,158.77341032028198,168.884539604187,156.86047226190567,213.3295238018036,174.6027946472168,182.25252330303192,166.0192683339119,,147.74460941553116,142.77186542749405,174.58433210849762,145.04719078540802,206.54640793800354,262.64951527118683,185.3298008441925,172.88668602705002,164.2969325184822,202.33265161514282,,237.57563531398773,,178.77476513385773,147.12200462818146,140.0119662284851,219.7565108537674,180.55184185504913,192.32142865657806,229.94211614131927,189.0535593032837,175.00636279582977,236.35278940200806,207.56232738494873,231.66826963424683,201.95413827896118,
168.28524768352509,155.4053008556366,140.00138938426971,189.3396556377411,155.86751103401184,151.54627561569214,170.54329961538315,,196.53209745883942,171.12782150506973,166.96262061595917,194.00037229061127,179.61198389530182,,168.76017302274704,176.9492268562317,143.77341121435165,153.88454049825668,141.86047315597534,198.3295351266861,159.60279554128647,167.25251376628876,151.01926922798157,,144.56978291273117,147.54861444234848,179.51297461986542,160.04720032215118,191.54641926288605,247.64950573444366,170.32980173826218,165.53494483232498,149.29693341255188,187.33264207839966,,222.57564663887024,,174.3280053138733,143.3641478419304,149.7116521000862,204.7565221786499,167.37961322069168,178.8638025522232,214.9421066045761,191.19235575199127,172.6129710674286,221.3527798652649,192.56233870983124,216.66828095912933,193.50094497203827,
153.28524857759476,162.05437034368515,140.00330865383148,174.33964610099792,161.6764932870865,166.54627472162247,155.54330050945282,,181.53208792209625,185.76174080371857,156.84128999710083,179.0003627538681,164.6119847893715,,153.7601739168167,161.9492381811142,140.00561386346817,140.13071060180664,143.3810144662857,183.32952558994293,144.60279643535614,170.57190090417862,141.02479815483093,,143.1171253323555,147.939133644104,164.51296508312225,145.04719078540802,176.54640972614288,232.6494961977005,155.32980263233185,180.5349439382553,147.97094762325287,172.33264297246933,,207.57563710212708,,164.74586427211761,141.1386713385582,141.2468284368515,189.75651264190674,152.37960368394852,174.91530179977417,199.94211792945862,176.1923462152481,165.3990000486374,206.3527911901474,177.56232917308807,201.66827142238617,208.50095450878143,
140.04509449005127,156.87625408172607,140.0009721517563,159.3396469950676,157.1955308318138,151.54627561569214,140.5433014035225,,166.53208881616592,170.7617312669754,168.16867291927338,164.00036364793777,149.61198568344116,,168.76017302274704,146.94923907518387,140.0038406252861,141.96437448263168,140.24599194526672,168.3295264840126,140.01648277044296,155.5719017982483,140.0713175535202,,141.9460892677307,140.1810497045517,149.51296597719193,140.20953625440598,161.5464210510254,217.649507522583,140.388622879982,171.5978130698204,140.85399359464645,166.7962595820427,,193.63581538200378,,161.41397058963776,142.73915439844131,140.12755006551743,174.7565135359764,140.9242868423462,165.39572477340698,184.94210839271545,161.19234710931778,150.39900094270706,191.35278165340424,162.56233006715775,186.66828274726868,193.50094497203827,
140.0158256292343,141.87625497579575,140.00006467103958,144.61838006973267,142.19552129507065,140.00007510185242,140.03702104091644,,151.5320897102356,155.76173216104507,153.16867381334305,149.00036454200745,140.41646271944046,,153.7601739168167,148.35903644561768,140.0001272559166,140.86098223924637,140.00034630298615,153.32952737808228,140.10054469108582,140.57190269231796,140.00219255685806,,140.00537395477295,140.00584334135056,140.0000125169754,141.63392633199692,146.54642194509506,202.64949798583984,140.06949216127396,156.59781396389008,140.00040888786316,151.79626047611237,,191.6943073272705,,146.41397148370743,140.1393473148346,140.58783054351807,159.75651443004608,140.23016840219498,150.39572566747665,169.94210928678513,146.19234800338745,140.00459164381027,176.35279297828674,177.56232917308807,171.6682732105255,178.50095629692078,
140.00225514173508,146.93938195705414,140.00013768672943,140.00142067670822,140.0000125169754,140.00000208616257,140.0036945939064,,140.00845104455948,140.76173305511475,140.00099301338196,140.00083655118942,140.00728279352188,,140.1042476296425,140.95976203680038,140.00000208616257,140.0037258863449,140.00000208616257,168.3295264840126,140.00000208616257,140.2054786682129,140.00003337860107,,140.00016897916794,140.0000125169754,140.00000208616257,141.46273583173752,140.00280797481537,187.64950931072235,140.0000438094139,141.5978044271469,140.0000125169754,140.00850319862366,,176.69429779052734,,140.4929518699646,140.60470759868622,140.0016501545906,144.75651532411575,140.00010639429092,144.34694945812225,184.94210839271545,140.00000208616257,140.0080755352974,161.35278344154358,162.56233006715775,156.66827410459518,180.16487956047058,
140.00034630298615,140.3837725520134,140.00000208616257,140.00000208616257,140.00000208616257,140.00452905893326,140.00052362680435,,140.0000438094139,140.00000208616257,140.00003337860107,140.18992632627487,140.00016897916794,,140.00046104192734,140.00000208616257,140.00000208616257,140.00000208616257,140.00000208616257,153.32952737808228,140.00000208616257,140.14681577682495,140.00000208616257,,140.00000208616257,140.0003045797348,140.00076353549957,140.20318388938904,140.0540128350258,172.64951020479202,140.00000208616257,140.04117250442505,140.00000208616257,140.253147482872,,161.69430911540985,,140.14582484960556,140.00016897916794,140.00000208616257,140.00321477651596,140.00000208616257,140.94704687595367,169.94210928678513,140.00000208616257,140.00330865383148,146.35278433561325,147.56233096122742,141.66827499866486,165.1648908853531,
140.0000959634781,140.7108724117279,140.00000208616257,140.00000208616257,140.00000208616257,140.94607681035995,140.0012642145157,,140.13348519802094,140.00546783208847,140.00000208616257,140.02618342638016,140.00037759542465,,140.00000208616257,140.00000208616257,140.00000208616257,140.00000208616257,140.0000125169754,140.0065004825592,140.00000208616257,140.0124356150627,140.00000208616257,,140.0000125169754,141.50482416152954,140.09318053722382,140.0420382618904,140.00887870788574,157.64950066804886,140.00000208616257,140.03477841615677,140.00013768672943,140.06323367357254,,146.69431000947952,,140.05782008171082,140.00000208616257,140.00000208616257,140.00835716724396,140.00000208616257,141.16046130657196,154.9421101808548,140.00000208616257,140.00143110752106,140.02179205417633,140.02618342638016,140.00352770090103,150.16488134860992,
140.00003337860107,140.08311480283737,140.0000125169754,140.0017648935318,140.00006467103958,140.46678096055984,140.00151455402374,,140.0841787457466,140.00841975212097,140.0090977549553,140.04220515489578,141.0690039396286,,140.00742882490158,140.00791907310486,140.03448635339737,140.0051549077034,140.1270180940628,140.37026464939117,140.0175467133522,140.00662565231323,140.0112047791481,,140.0971233844757,140.46591520309448,140.089550614357,140.02792537212372,140.03155529499054,142.64950156211853,140.00128507614136,140.0230124592781,140.307554602623,140.15696495771408,,140.12883305549622,,140.1453137397766,140.00036716461182,140.00947326421738,140.00685513019562,140.00868052244186,140.19097983837128,140.02337753772736,140.00000208616257,140.0006279349327,140.12072831392288,140.01992493867874,140.00258892774582,140.0324210524559,
