step, arrivals_sum, infringement_sum, reward 
2,0, 1, -597.1983909606934
502,0, 11, -281145.1312909126
1002,0, 15, -233499.49451193213
1502,0, 19, -243991.438185215
2002,0, 26, -248738.92084991932
2502,0, 28, -256445.72620379925
3002,0, 31, -263814.71961313486
3502,0, 36, -246090.21690315008
4002,0, 39, -243697.22242498398
4502,0, 45, -271447.25460368395
5002,0, 52, -258394.92354512215
5502,0, 57, -268372.80803239346
6002,0, 64, -262768.2314465642
6502,0, 74, -264840.5359003246
7002,0, 77, -226116.28338438272
7502,0, 77, -222558.56495583057
8002,0, 81, -232534.9130000919
8502,0, 85, -229329.841006279
9002,0, 87, -264608.1420722008
9502,0, 90, -268402.4070536494
10002,0, 93, -250339.535928756
10502,0, 98, -252260.35588169098
11002,0, 103, -249192.1167179942
11502,0, 107, -256943.0480057299
12002,0, 113, -250310.0166080296
12502,0, 120, -262861.3895741701
13002,0, 126, -253400.55954647064
13502,0, 126, -241610.23064273596
14002,0, 136, -260709.91105175018
14502,0, 143, -278749.21265363693
15002,0, 148, -249300.51609039307
15502,0, 150, -264158.1095331311
16002,0, 154, -240630.37150543928
16502,0, 157, -214406.51943536103
17002,0, 163, -262620.5266340971
17502,0, 166, -241072.6374823451
18002,0, 171, -249339.669531703
18502,0, 175, -249207.01700782776
19002,0, 182, -251964.35333633423
19502,0, 186, -256897.0047569871
20002,0, 192, -232079.66541475058
20502,0, 198, -244671.56848534942
21002,0, 205, -254461.52645632625
21502,0, 209, -260792.70566999912
22002,0, 209, -259883.54439729452
22502,0, 214, -248739.88933879137
23002,0, 218, -238468.06218323112
23502,0, 219, -228404.43734008074
24002,0, 220, -219055.29160772264
24502,0, 222, -230236.27707508206
25002,0, 230, -261602.24708628654
25502,0, 231, -232857.06064406037
26002,0, 236, -235491.28908088803
26502,0, 242, -246016.0966692567
27002,0, 244, -244311.7482831478
27502,0, 248, -244808.870462209
28002,0, 251, -256840.934740901
28502,0, 254, -233417.39979052544
29002,0, 255, -245427.42788249254
29502,0, 255, -245234.22742968798
30002,0, 262, -250333.39223498106
30502,0, 264, -268266.0915492177
31002,0, 267, -242890.6383214295
31502,0, 275, -206169.4156846255
32002,0, 276, -227029.7374547124
32502,0, 281, -238580.90158385038
33002,0, 282, -237458.53101319075
33502,0, 288, -254239.95977073908
34002,0, 289, -266764.6683216095
34502,0, 296, -267674.83167761564
35002,0, 301, -265080.8964047134
35502,0, 309, -277867.7220993042
36002,0, 317, -244095.329182446
36502,0, 323, -220584.3320644796
37002,0, 325, -228764.15302985907
37502,0, 330, -231749.58764089644
38002,0, 334, -237590.33243834972
38502,0, 336, -247082.52690410614
39002,0, 338, -246309.67320936918
39502,0, 342, -230833.3279850483
40002,0, 344, -238801.87202453613
40502,0, 349, -244434.94407311082
41002,0, 353, -236194.7415881753
41502,0, 359, -242358.93030500412
42002,0, 367, -243311.05203312635
42502,0, 371, -243622.6766809821
43002,0, 377, -257500.14952111244
43502,0, 387, -245272.98495590687
44002,0, 391, -242007.91324484348
44502,0, 394, -238350.232681036
45002,0, 398, -229763.2954670936
45502,0, 400, -250118.26648327708
46002,0, 403, -245157.081717968
46502,0, 404, -244291.52077662945
47002,0, 409, -263477.6436548233
47502,0, 414, -254077.9448094368
48002,0, 416, -229766.12682905793
48502,0, 422, -225195.8782401085
49002,0, 425, -250943.14469099045
49502,0, 434, -262954.29106867313
50002,0, 436, -263742.48862326145
50502,0, 439, -257015.6609286964
51002,0, 444, -270118.5674521923
51502,0, 448, -277391.1811311245
52002,0, 455, -257025.37629413605
52502,0, 461, -275427.2452185154
53002,0, 462, -253386.99203920364
53502,0, 466, -257647.77520394325
54002,0, 467, -260998.97440624237
54502,0, 471, -255033.4826722145
55002,0, 476, -266112.35020136833
55502,0, 485, -267865.4231982231
56002,0, 488, -238118.87510323524
56502,0, 490, -262518.3909122944
57002,0, 494, -250557.17010688782
57502,0, 495, -248650.9888381958
58002,0, 500, -244390.6709485054
58502,0, 503, -255827.98151040077
59002,0, 508, -252657.05271673203
59502,0, 510, -248485.22768115997
60002,0, 518, -257666.84807825089
60502,0, 523, -232193.95838189125
61002,0, 527, -268371.98849368095
61502,0, 531, -261674.6737151146
62002,0, 537, -265881.183259964
62502,0, 538, -256836.13204050064
63002,0, 544, -259866.08325648308
63502,0, 553, -256584.29125738144
64002,0, 553, -260818.7008085251
64502,0, 555, -252475.21286010742
65002,0, 562, -248100.09683656693
65502,0, 566, -256083.28618836403
66002,0, 573, -261188.40928459167
66502,0, 575, -244047.57495474815
67002,0, 575, -253922.3941590786
67502,0, 581, -264044.09593868256
68002,0, 582, -263158.2155556679
68502,0, 586, -253429.04223418236
69002,0, 591, -269672.73930072784
69502,0, 596, -257760.0720117092
70002,0, 598, -246343.39771294594
70502,0, 601, -257748.29987955093
71002,0, 605, -254423.15829348564
71502,0, 612, -269775.9035754204
72002,0, 617, -253435.5759460926
72502,0, 622, -249881.25097942352
73002,0, 628, -263546.29640460014
73502,0, 632, -270028.36248254776
74002,0, 638, -244919.43837594986
74502,0, 641, -246618.46572041512
75002,0, 647, -267083.71638059616
75502,0, 648, -267035.967625618
76002,0, 651, -241578.16723418236
76502,0, 654, -262466.9120955467
77002,0, 655, -275131.9098329544
77502,0, 656, -269691.29026055336
78002,0, 660, -247734.27800512314
78502,0, 663, -268755.7026360035
79002,0, 670, -254415.9868707657
79502,0, 677, -256064.65551495552
80002,0, 683, -243027.17891597748
80502,0, 688, -244847.9782063961
81002,0, 690, -249117.57390260696
81502,0, 692, -256822.63016319275
82002,0, 700, -267011.4495162964
82502,0, 704, -257721.5641925335
83002,0, 708, -269529.91384220123
83502,0, 709, -248199.24123883247
84002,0, 712, -247537.2575752735
84502,0, 719, -254197.9461734295
85002,0, 723, -251249.4981327057
85502,0, 731, -265196.3500313759
86002,0, 735, -258398.72286057472
86502,0, 739, -255779.08309149742
87002,0, 742, -244822.57076072693
87502,0, 746, -255461.43986582756
88002,0, 747, -248868.53848409653
88502,0, 750, -264998.26779580116
89002,0, 756, -260746.95748209953
89502,0, 760, -243820.11590743065
90002,0, 764, -271680.7965602875
90502,0, 768, -250719.7439470291
91002,0, 771, -247392.93539452553
91502,0, 773, -255901.39596939087
92002,0, 776, -255713.68077731133
92502,0, 783, -292338.8792963028
93002,0, 791, -283298.6689977646
93502,0, 796, -255940.95062232018
94002,0, 804, -263328.39337420464
94502,0, 811, -268560.8139705658
95002,0, 813, -265085.2411887646
95502,0, 815, -235841.0865278244
96002,0, 822, -279192.5483157635
96502,0, 826, -260914.0233745575
97002,0, 832, -268737.81613850594
97502,0, 833, -263656.54213023186
98002,0, 836, -264392.8011162281
98502,0, 841, -251191.1269454956
99002,0, 847, -258178.06525087357
99502,0, 849, -249321.05210018158
100002,0, 856, -265749.8746225834
100502,0, 859, -240979.27607488632
101002,0, 864, -242250.7578561306
101502,0, 866, -264744.1367506981
102002,0, 866, -260267.90952897072
102502,0, 870, -264410.2320551872
103002,0, 873, -267367.6585688591
103502,0, 879, -254496.58378767967
104002,0, 881, -271444.0477762222
104502,0, 888, -250455.81349301338
105002,0, 896, -247492.56796503067
105502,0, 903, -267126.6045882702
106002,0, 910, -248627.20673322678
106502,0, 911, -246172.53695249557
107002,0, 916, -246081.89658474922
107502,0, 919, -259862.22096180916
108002,0, 925, -259464.7346060276
108502,0, 933, -263367.86554431915
109002,0, 935, -265159.3815598488
109502,0, 938, -258007.90549969673
110002,0, 942, -257900.84522938728
110502,0, 947, -253060.68077754974
111002,0, 953, -253819.33730459213
111502,0, 957, -260392.61702251434
112002,0, 960, -257987.36487722397
112502,0, 964, -261680.58445048332
113002,0, 969, -262451.8193693161
113502,0, 972, -251240.32056212425
114002,0, 977, -255894.33451628685
114502,0, 980, -268832.0860965252
115002,0, 985, -246971.34680104256
115502,0, 993, -260592.20155715942
116002,0, 995, -258616.494951725
116502,0, 999, -258218.28221726418
117002,0, 1003, -269533.42964220047
117502,0, 1007, -267315.80950164795
118002,0, 1012, -257723.09564208984
118502,0, 1021, -253579.79327821732
119002,0, 1025, -266789.06364297867
119502,0, 1029, -244524.32661390305
120002,0, 1034, -270007.75988173485
120502,0, 1042, -263147.2577781677
121002,0, 1045, -251368.67122769356
121502,0, 1052, -256673.0490489006
122002,0, 1058, -263829.4516379833
122502,0, 1062, -241425.64294099808
123002,0, 1067, -273496.25770807266
123502,0, 1072, -256521.96326231956
124002,0, 1075, -265728.2223277092
124502,0, 1080, -271309.5381577015
125002,0, 1084, -260468.82303404808
125502,0, 1089, -271427.1656138897
126002,0, 1090, -263771.6163005829
126502,0, 1100, -269267.080278635
127002,0, 1102, -243539.27773213387
127502,0, 1106, -242644.8357167244
128002,0, 1111, -262874.05754709244
128502,0, 1115, -276237.127048254
129002,0, 1119, -259500.54071354866
129502,0, 1125, -247710.89068222046
130002,0, 1126, -243434.452064991
130502,0, 1131, -252386.07801437378
131002,0, 1134, -253553.53513121605
131502,0, 1142, -260121.4506418705
132002,0, 1144, -267122.9856133461
132502,0, 1150, -257931.94900989532
133002,0, 1152, -251879.99569630623
133502,0, 1156, -257662.34332704544
134002,0, 1158, -258735.65670585632
134502,0, 1162, -273019.0546541214
135002,0, 1170, -261645.00361323357
135502,0, 1176, -242393.15762019157
136002,0, 1177, -259045.72115540504
136502,0, 1179, -250407.82432365417
137002,0, 1185, -263586.2538924217
137502,0, 1191, -236974.79701805115
138002,0, 1195, -255224.2034113407
138502,0, 1200, -268034.7503666878
139002,0, 1208, -262269.50758743286
139502,0, 1211, -271414.6050436497
140002,0, 1219, -281571.07229208946
140502,0, 1226, -271645.2170519829
141002,0, 1229, -251026.27958130836
141502,0, 1231, -249307.42134809494
142002,0, 1240, -260073.1911854744
142502,0, 1248, -259383.8436460495
143002,0, 1253, -249479.31975078583
143502,0, 1256, -250786.9109995365
144002,0, 1261, -276632.9927036762
144502,0, 1264, -273235.9402668476
145002,0, 1268, -265219.2294230461
145502,0, 1270, -244817.15912413597
146002,0, 1277, -276890.13506412506
146502,0, 1281, -253553.00336027145
147002,0, 1289, -250687.74684596062
147502,0, 1292, -261582.2418062687
148002,0, 1297, -257708.7597091198
148502,0, 1307, -251921.16333055496
149002,0, 1310, -266477.6043367386
149502,0, 1314, -244604.44141554832
150002,0, 1316, -255226.65598154068
150502,0, 1319, -245277.15446162224
151002,0, 1321, -259113.41725707054
151502,0, 1323, -260022.08567667007
152002,0, 1327, -265614.6353006363
152502,0, 1328, -267922.1688454151
153002,0, 1332, -281292.55852270126
153502,0, 1337, -242788.4522471428
154002,0, 1342, -258575.01033067703
154502,0, 1343, -258203.58667063713
155002,0, 1346, -244646.95298218727
155502,0, 1350, -235004.46993350983
156002,0, 1354, -242985.7478671074
156502,0, 1358, -246740.88646936417
157002,0, 1367, -260244.3705482483
157502,0, 1372, -262196.1572268009
158002,0, 1372, -253545.95348978043
158502,0, 1379, -250637.26146817207
159002,0, 1387, -273773.9546442032
159502,0, 1392, -249999.2987151146
160002,0, 1397, -250427.74137091637
160502,0, 1400, -275012.33390045166
161002,0, 1402, -258831.52760720253
161502,0, 1402, -237280.5286448002
162002,0, 1408, -251778.28162908554
162502,0, 1411, -245045.30338168144
163002,0, 1412, -264898.41347169876
163502,0, 1417, -279855.46966028214
164002,0, 1422, -261572.68387794495
164502,0, 1430, -274961.5096449852
165002,0, 1435, -260203.87594270706
165502,0, 1438, -257783.10433483124
166002,0, 1443, -258925.4947001934
166502,0, 1450, -282020.2107281685
167002,0, 1455, -260060.14955973625
167502,0, 1460, -264271.0728325844
168002,0, 1463, -257082.41181516647
168502,0, 1467, -276491.99754858017
169002,0, 1468, -265150.66993021965
169502,0, 1473, -258013.01393032074
170002,0, 1477, -274434.99974536896
170502,0, 1479, -247793.17704701424
171002,0, 1482, -275283.952082634
171502,0, 1486, -261348.57547569275
172002,0, 1488, -260258.47281503677
172502,0, 1489, -244217.7504003048
173002,0, 1492, -263568.037075758
173502,0, 1496, -264861.60031318665
174002,0, 1500, -257738.99233436584
174502,0, 1504, -254672.60658574104
175002,0, 1510, -247573.46663546562
175502,0, 1514, -256655.04729413986
176002,0, 1518, -252388.02505517006
176502,0, 1522, -248435.06616735458
177002,0, 1524, -262602.2509059906
177502,0, 1525, -247726.01941275597
178002,0, 1530, -258451.06814336777
178502,0, 1531, -263612.29769945145
179002,0, 1533, -261572.5715532303
179502,0, 1536, -254343.80958271027
180002,0, 1541, -262667.41523981094
180502,0, 1545, -277276.22093963623
181002,0, 1550, -263909.19194722176
181502,0, 1555, -268110.99256658554
182002,0, 1559, -251252.4042007923
182502,0, 1561, -261477.90465450287
183002,0, 1562, -248854.02275276184
183502,0, 1566, -244275.32346701622
184002,0, 1570, -249686.13860440254
184502,0, 1573, -261290.3622045517
185002,0, 1581, -262170.7324626446
185502,0, 1585, -264006.34235572815
186002,0, 1588, -257210.4031009674
186502,0, 1590, -276217.85765361786
187002,0, 1592, -257769.11140298843
187502,0, 1594, -269500.1045434475
188002,0, 1597, -259593.13515162468
188502,0, 1602, -266579.2237422466
189002,0, 1607, -265050.44885110855
189502,0, 1611, -255616.14147257805
190002,0, 1615, -256556.44386529922
190502,0, 1618, -258119.26668524742
191002,0, 1620, -251026.24905633926
191502,0, 1624, -266135.66889333725
192002,0, 1630, -265901.2333598137
192502,0, 1634, -277754.864556551
193002,0, 1638, -262654.558270216
193502,0, 1644, -249428.25482654572
194002,0, 1656, -266147.0686945915
194502,0, 1659, -223617.6541748047
195002,0, 1666, -232862.3625471592
195502,0, 1672, -224709.27620863914
196002,0, 1676, -233471.9555990696
196502,0, 1684, -215505.08199238777
197002,0, 1690, -212298.66862010956
197502,0, 1695, -211475.24435472488
198002,0, 1702, -221635.62095284462
198502,0, 1708, -206075.5459766388
199002,0, 1711, -227512.70449447632
199502,0, 1715, -222090.70919966698
200002,0, 1720, -196536.71998167038
200502,0, 1721, -210941.2722978592
201002,0, 1725, -197385.97663545609
201502,0, 1737, -186136.33285689354
202002,0, 1739, -187783.17858934402
202502,0, 1743, -191327.06875157356
203002,0, 1748, -164178.20973062515
203502,0, 1755, -178451.98960876465
204002,0, 1756, -175327.60355901718
204502,0, 1758, -178193.3135957718
205002,0, 1761, -191515.04304265976
205502,0, 1761, -158538.62286663055
206002,0, 1762, -161426.27077829838
206502,2, 1766, -180584.83450824022
207002,2, 1768, -164915.56416746974
207502,2, 1770, -136097.2148167342
208002,2, 1770, -136366.47167809308
208502,4, 1773, -128115.14975589514
209002,7, 1774, -126377.52991684526
209502,8, 1774, -119136.03453975916
210002,9, 1774, -114544.5832345523
210502,9, 1774, -138885.31902959943
211002,9, 1776, -144280.19390685856
211502,10, 1776, -115415.08872914314
212002,12, 1776, -113875.99928232282
212502,13, 1777, -124041.19995249808
213002,17, 1777, -142233.07297053933
213502,18, 1777, -126798.58065530658
214002,20, 1777, -129552.79378893971
214502,22, 1778, -116632.79732006788
215002,22, 1779, -133424.17183165252
215502,22, 1781, -125348.66617131233
216002,24, 1781, -113878.59124363656
216502,26, 1781, -124669.475946486
217002,27, 1781, -137427.74772311747
217502,27, 1782, -124455.25830549002
218002,28, 1782, -114161.27412350476
218502,28, 1782, -108251.24936763942
219002,30, 1782, -110940.51788982749
219502,30, 1782, -115352.5854845494
220002,31, 1783, -108848.23461353779
220502,32, 1783, -117567.33688142896
221002,35, 1783, -112298.16606587172
221502,36, 1783, -110537.30672387779
222002,37, 1784, -103328.53040990233
222502,37, 1784, -109167.5229828693
223002,40, 1785, -108325.84079150856
223502,40, 1785, -98670.36434702668
224002,41, 1785, -95568.21769055352
224502,41, 1785, -104217.11874010228
225002,43, 1785, -104517.76628941449
225502,44, 1785, -112456.40612320602
226002,45, 1785, -108685.41027835011
226502,47, 1785, -115728.72900822759
227002,50, 1785, -106978.11649563909
227502,53, 1785, -105581.45021674037
228002,55, 1785, -111298.21020539105
228502,56, 1785, -114451.64989112318
229002,56, 1785, -121565.44649019837
229502,57, 1785, -125144.08329866827
230002,57, 1785, -118708.48711856455
230502,57, 1786, -120722.09976865351
231002,59, 1786, -118383.11819136143
231502,61, 1786, -119441.89287251234
232002,62, 1786, -109597.35252293944
232502,62, 1787, -114848.4601034522
233002,62, 1788, -112438.56936219335
233502,63, 1788, -105840.43340863287
234002,63, 1788, -113238.89230638742
234502,63, 1788, -105654.53294529766
235002,64, 1788, -115561.5515371263
235502,64, 1789, -114751.2933113128
236002,66, 1789, -102767.83662611246
236502,67, 1790, -108150.83021742105
237002,68, 1791, -121474.53595781326
237502,69, 1792, -115132.17634186149
238002,71, 1793, -114148.48276472092
238502,72, 1793, -109674.85080465674
239002,73, 1794, -108227.54279909283
239502,75, 1796, -103368.93344447017
240002,78, 1796, -100637.12977717072
240502,81, 1796, -100052.74360145628
241002,82, 1796, -101794.91871263087
241502,84, 1796, -107481.78061775863
242002,85, 1797, -110618.2716434896
242502,86, 1797, -112028.67281980813
243002,88, 1797, -111865.98692540824
243502,90, 1798, -94412.95097147673
244002,91, 1798, -108930.95210072398
244502,93, 1798, -99552.19493614137
245002,95, 1798, -96849.01414175448
245502,97, 1799, -105746.93120545149
246002,98, 1801, -101164.2136028558
246502,101, 1801, -111216.91304636002
247002,103, 1801, -96162.2603363531
247502,105, 1801, -84147.34466070682
248002,107, 1801, -90088.45250114053
248502,111, 1803, -98114.55867173523
249002,114, 1804, -98099.06919701397
249502,115, 1804, -86819.45642342418
250002,118, 1805, -95038.63414174318
250502,122, 1805, -87520.65594498254
251002,127, 1806, -97213.09497577697
251502,133, 1808, -82983.29158008844
252002,138, 1810, -82487.44444420328
252502,142, 1810, -70028.4878469538
253002,148, 1811, -77301.57577996363
253502,153, 1813, -93097.58650228009
254002,158, 1813, -71564.05162689253
254502,163, 1814, -73641.48142992705
255002,169, 1816, -75671.69858035259
255502,177, 1816, -81295.8847941556
256002,182, 1817, -76435.95452190563
256502,189, 1817, -61174.12194259744
257002,197, 1817, -69020.33114282787
257502,202, 1817, -77390.94303071493
258002,210, 1817, -62287.003818703815
258502,215, 1817, -65476.08874135092
259002,221, 1817, -85228.5685030527
259502,229, 1817, -57195.80113640614
260002,238, 1818, -61314.05187371792
260502,249, 1819, -66211.8821478961
261002,259, 1820, -61501.53116245719
261502,274, 1820, -55201.81323177944
262002,286, 1820, -70578.6289995573
262502,293, 1821, -54043.04576045449
263002,301, 1825, -69506.79045377998
263502,308, 1825, -63822.05584194511
264002,313, 1825, -62016.35986404738
264502,318, 1825, -64253.428344451764
265002,324, 1828, -88402.72107613459
265502,327, 1830, -71679.0113746241
266002,335, 1830, -62045.66003183881
266502,342, 1830, -54224.898755130824
267002,345, 1831, -62121.26142547093
267502,357, 1831, -53649.00757891005
268002,368, 1833, -78956.29770912393
268502,380, 1835, -71291.93283308204
269002,385, 1835, -62957.89967051847
269502,393, 1835, -51460.90351142324
270002,403, 1835, -52213.46811461635
270502,415, 1835, -79634.97579164151
271002,429, 1836, -56431.908920199145
271502,441, 1837, -61109.82120222575
272002,455, 1837, -56386.110693127615
272502,462, 1838, -70471.03081805073
273002,470, 1839, -58820.122099417495
273502,480, 1841, -65710.3666941049
274002,486, 1843, -66517.58338433952
274502,498, 1843, -51036.49345943658
275002,507, 1843, -68736.5952248578
275502,515, 1844, -52640.18020745902
276002,527, 1846, -62933.44580861852
276502,538, 1848, -60899.923759006895
277002,548, 1848, -71339.91779639944
277502,557, 1849, -53050.069089993834
278002,566, 1850, -72797.649573053
278502,574, 1851, -64440.177984697104
279002,578, 1852, -60885.800758867714
279502,591, 1854, -54106.742622432066
280002,600, 1855, -66429.46451805232
280502,606, 1856, -52083.17871526287
281002,611, 1858, -53917.220018809196
281502,624, 1860, -52728.62064993079
282002,633, 1860, -52620.87332050316
282502,646, 1862, -67814.87702139618
283002,663, 1864, -71595.16143422993
283502,673, 1867, -53426.181229644164
284002,687, 1867, -59365.04080681037
284502,704, 1867, -66111.01172970794
285002,713, 1867, -59057.43424501503
285502,725, 1869, -58848.79002106289
286002,733, 1870, -45454.44680778752
286502,747, 1872, -53603.97842446444
287002,766, 1872, -59228.32181425605
287502,780, 1873, -50802.46607292566
288002,794, 1873, -50590.04054032941
288502,811, 1874, -67177.0463680001
289002,826, 1874, -50453.31942173759
289502,835, 1876, -62827.24006586056
290002,845, 1877, -52786.45973025961
290502,853, 1877, -50055.78855447954
291002,871, 1877, -61287.70358109992
291502,883, 1878, -66552.55030018694
292002,899, 1881, -65456.5330487109
292502,911, 1882, -58092.00630538119
293002,921, 1883, -53586.972453959286
293502,929, 1885, -57777.96349079194
294002,941, 1885, -43774.565856442845
294502,956, 1887, -59845.337208560435
295002,965, 1889, -59666.78986873431
295502,981, 1889, -42744.575927863814
296002,990, 1890, -53181.97857565852
296502,1004, 1892, -54258.40707046504
297002,1017, 1892, -44826.878091722
297502,1026, 1892, -63008.8311505919
298002,1035, 1892, -56595.520432327176
298502,1044, 1893, -61736.32084983008
299002,1058, 1894, -61091.913593312725
299502,1075, 1896, -64581.27498491574
300002,1088, 1897, -46889.037135931074
300502,1108, 1898, -49136.955938785395
301002,1121, 1899, -50034.96319169464
301502,1134, 1899, -46498.306275702605
302002,1151, 1899, -43765.966242420356
302502,1178, 1900, -44298.8568356616
303002,1190, 1900, -35128.43279725447
303502,1196, 1902, -47251.01537456317
304002,1206, 1903, -47679.225813369776
304502,1220, 1904, -57608.973000575555
305002,1230, 1906, -54250.51225211262
305502,1251, 1907, -48184.53072352304
306002,1265, 1908, -35717.151819273684
306502,1280, 1909, -47770.40184733202
307002,1292, 1910, -34152.180476200825
307502,1305, 1912, -51638.70151397595
308002,1320, 1912, -47792.86805244061
308502,1339, 1912, -54407.60865786509
309002,1351, 1913, -55049.383369039664
309502,1364, 1914, -36200.772254373645
310002,1370, 1915, -36453.61511923287
310502,1377, 1921, -52839.40325964813
311002,1389, 1923, -44251.23727285902
311502,1400, 1925, -53292.976936683655
312002,1419, 1925, -35399.11115911316
312502,1431, 1929, -48580.41455426035
313002,1448, 1932, -46670.279005823075
313502,1464, 1936, -48492.8029463368
314002,1476, 1939, -55057.64684258458
314502,1492, 1945, -57040.940197743475
315002,1506, 1946, -49491.99441378651
315502,1525, 1950, -61934.2955605723
316002,1545, 1953, -52216.93066119088
316502,1560, 1954, -53601.4865866318
317002,1579, 1958, -47392.798042987415
317502,1593, 1960, -41662.729252197634
318002,1601, 1962, -47261.29941706895
318502,1616, 1965, -45378.943509368386
319002,1634, 1966, -46405.33550899429
319502,1652, 1973, -62565.027043546
320002,1664, 1975, -31876.783006618847
320502,1677, 1981, -58894.417746993946
321002,1693, 1987, -58337.16443464978
321502,1710, 1987, -45437.27117530332
322002,1737, 1987, -34225.97803460733
322502,1751, 1990, -51153.2599336413
323002,1772, 1990, -50336.13974620118
323502,1789, 1991, -42588.74837163993
324002,1803, 1992, -42915.551374037284
324502,1816, 1994, -45560.37698803304
325002,1840, 1996, -59453.11827703676
325502,1852, 1997, -55436.27841784409
326002,1871, 1999, -55811.41939094459
326502,1892, 1999, -48267.52071996406
327002,1905, 2002, -53827.65749135974
327502,1926, 2004, -50441.585596819816
328002,1943, 2008, -54374.12251263468
328502,1967, 2011, -50428.42263927797
329002,1985, 2014, -45359.458569172886
329502,1997, 2015, -51894.32162051747
330002,2013, 2017, -52490.049702935656
330502,2026, 2020, -49479.921109665825
331002,2046, 2021, -54279.06688035495
331502,2064, 2023, -61669.339460412506
332002,2079, 2024, -46443.45936686138
332502,2097, 2027, -47652.976742596744
333002,2116, 2031, -49389.970394743155
333502,2138, 2033, -61098.512554179295
334002,2160, 2035, -50784.26099492377
334502,2176, 2040, -54524.45701264045
335002,2193, 2044, -52072.41321631777
335502,2209, 2045, -56798.75635798706
336002,2229, 2046, -60227.76194229128
336502,2252, 2049, -59495.001917812275
337002,2282, 2050, -54211.816836109894
337502,2297, 2052, -57827.06496413471
338002,2315, 2054, -39430.72346079424
338502,2333, 2059, -52548.70869226838
339002,2358, 2060, -29706.83799048158
339502,2382, 2061, -34043.869772281614
340002,2397, 2062, -43459.308182276014
340502,2411, 2066, -52797.18896839273
341002,2428, 2067, -38962.86451299512
341502,2445, 2068, -46852.848385494086
342002,2460, 2070, -56795.304426227485
342502,2482, 2072, -48956.22417390067
343002,2503, 2074, -43970.86623974561
343502,2515, 2078, -65944.19200874935
344002,2526, 2080, -45566.75823542914
344502,2553, 2081, -36815.497701753746
345002,2579, 2082, -45332.67894710909
345502,2602, 2085, -67271.92200179584
346002,2618, 2086, -54239.709895035194
346502,2636, 2086, -45464.76979501423
347002,2654, 2087, -56246.039168298536
347502,2665, 2089, -69573.22010392719
348002,2677, 2091, -52908.05157826604
348502,2698, 2093, -55550.77294983913
349002,2711, 2096, -34527.33333362569
349502,2728, 2096, -31235.012007787067
350002,2739, 2097, -41467.11830042428
350502,2750, 2099, -36743.8031138126
351002,2763, 2100, -54585.61827207066
351502,2782, 2100, -33878.150256509514
352002,2804, 2102, -38915.47451785742
352502,2821, 2105, -55326.273379694205
353002,2845, 2105, -44676.57457277528
353502,2860, 2106, -40888.087650171175
354002,2870, 2108, -36200.87397054066
354502,2888, 2111, -38997.972559639005
355002,2912, 2114, -48311.47748568356
355502,2935, 2115, -47629.71524572186
356002,2951, 2118, -44565.13611425646
356502,2968, 2119, -34838.63865331584
357002,2988, 2124, -43240.853744224994
357502,3006, 2125, -50542.93905631358
358002,3021, 2126, -54034.469130117795
358502,3042, 2128, -44883.75923638989
359002,3070, 2130, -26618.601049018373
359502,3085, 2135, -65205.09904129294
360002,3104, 2136, -26285.50448956636
360502,3124, 2139, -39296.53287309113
361002,3142, 2141, -51322.33703955903
361502,3159, 2143, -27891.256030195203
362002,3186, 2144, -26056.147439630295
362502,3211, 2147, -51459.90485132276
363002,3234, 2151, -47952.938193721464
363502,3258, 2151, -35927.33771454403
364002,3272, 2154, -43273.72933628637
364502,3296, 2157, -46940.707975387544
365002,3309, 2158, -36002.6730068959
365502,3333, 2160, -29755.64791181926
366002,3358, 2162, -49455.818236681196
366502,3375, 2163, -23606.125202143827
367002,3397, 2166, -34509.05925852344
367502,3411, 2168, -40705.55073834644
368002,3425, 2171, -42350.93716247924
368502,3443, 2175, -48110.770076765795
369002,3449, 2180, -38400.17002097564
369502,3463, 2181, -24342.451512822074
370002,3481, 2185, -47444.58619275922
370502,3506, 2186, -43598.69419161983
371002,3525, 2189, -50494.97169874178
371502,3541, 2191, -38864.7535461019
372002,3557, 2194, -43301.85018834118
372502,3577, 2197, -47299.34998005671
373002,3606, 2200, -36349.14413449011
373502,3622, 2202, -45746.14460458593
374002,3630, 2208, -61245.384486352195
374502,3650, 2210, -44437.63882777962
375002,3669, 2210, -39634.62334794007
375502,3685, 2213, -37102.351183233
376002,3712, 2213, -27975.013848672563
376502,3736, 2213, -22893.073502384737
377002,3761, 2215, -29055.769731297507
377502,3783, 2215, -27415.599350149336
378002,3808, 2218, -52236.83441042151
378502,3830, 2219, -34280.78520065758
379002,3862, 2222, -36005.15024765715
379502,3882, 2223, -37793.224149042275
380002,3897, 2224, -32677.10201817332
380502,3913, 2225, -33428.887925236224
381002,3939, 2228, -51663.48996359669
381502,3955, 2231, -40866.493786508334
382002,3975, 2237, -42226.18605099296
382502,3994, 2239, -32372.71010347372
383002,4008, 2242, -43203.68194171268
383502,4015, 2244, -46796.54657065327
384002,4022, 2248, -56072.49792761833
384502,4041, 2251, -44146.704965297016
385002,4046, 2258, -65565.28573766147
385502,4068, 2261, -43076.90647257923
386002,4088, 2262, -21976.224375070713
386502,4110, 2265, -42903.89676963922
387002,4128, 2266, -43786.71883033129
387502,4143, 2269, -30035.469508434224
388002,4156, 2272, -51167.53657571184
388502,4172, 2278, -40929.39077679462
389002,4185, 2288, -84406.29765623761
389502,4190, 2295, -74620.91952561602
390002,4203, 2303, -53910.90970492869
390502,4227, 2305, -41063.12944521989
391002,4247, 2310, -36339.09586683855
391502,4265, 2313, -50764.80364274061
392002,4285, 2317, -31988.880257008597
392502,4317, 2318, -41167.60191699583
393002,4346, 2319, -34529.29094305576
393502,4365, 2319, -33839.396550368154
394002,4388, 2322, -51728.96968227753
394502,4412, 2328, -38914.23461281005
395002,4432, 2330, -16137.718516068417
395502,4462, 2332, -34824.72256630362
396002,4491, 2334, -44672.59365761682
396502,4515, 2337, -31895.417047209863
397002,4537, 2338, -30851.984838792938
397502,4572, 2341, -53199.51580673433
398002,4595, 2342, -24231.688061838824
398502,4627, 2345, -36778.05581085678
399002,4655, 2349, -43912.78668772886
399502,4683, 2351, -34659.89809121785
400002,4705, 2353, -45835.235624099034
400502,4733, 2355, -21939.451926220732
401002,4757, 2356, -47175.13467939882
401502,4779, 2358, -28085.193442396056
402002,4804, 2360, -29272.79807597329
402502,4833, 2361, -32966.20792051636
403002,4860, 2362, -33908.32847381465
403502,4885, 2363, -31923.015991697786
404002,4912, 2364, -42383.03588679113
404502,4931, 2368, -44004.66248841002
405002,4962, 2369, -32406.384201045264
405502,4992, 2371, -34212.83457199209
406002,5031, 2373, -38262.68497823643
406502,5053, 2377, -41565.27489452122
407002,5081, 2381, -40850.5957062043
407502,5107, 2386, -43104.577105118246
408002,5129, 2388, -30315.813630128832
408502,5159, 2389, -26764.54871587956
409002,5176, 2392, -42029.36627597612
409502,5195, 2395, -44812.202016207564
410002,5213, 2396, -34895.70648907678
410502,5241, 2400, -30979.486057689468
411002,5272, 2402, -36674.31200885872
411502,5301, 2405, -28553.840484106724
412002,5336, 2405, -39191.22399236031
412502,5355, 2408, -49277.352185062606
413002,5381, 2409, -41726.85237263213
413502,5411, 2413, -55495.6829164261
414002,5443, 2414, -36236.73604229657
414502,5474, 2415, -33979.899720218964
415002,5499, 2417, -34028.67578896151
415502,5538, 2418, -11485.718740781042
416002,5571, 2419, -23624.31655447025
416502,5604, 2421, -26188.087348096567
417002,5633, 2423, -35682.43418571195
417502,5659, 2424, -44045.44818966449
418002,5688, 2425, -27296.036422053236
418502,5713, 2426, -42722.05337131035
419002,5742, 2429, -31468.275248599297
419502,5758, 2436, -45998.285632134306
420002,5780, 2439, -27076.346995820175
420502,5811, 2439, -18153.16496445544
421002,5840, 2441, -26017.14957600535
421502,5872, 2443, -43324.99120621767
422002,5899, 2445, -52309.50716681263
422502,5923, 2448, -41577.48094974697
423002,5952, 2450, -43698.82327271016
423502,5979, 2453, -36030.27952495312
424002,6020, 2455, -34382.129405322776
424502,6041, 2461, -42898.763561153086
425002,6074, 2467, -44438.514041357324
425502,6099, 2472, -45020.500471053296
426002,6125, 2475, -35747.428529953046
426502,6154, 2479, -20039.00682616789
427002,6179, 2483, -42346.27949911804
427502,6199, 2483, -48138.345259459806
428002,6223, 2484, -41241.27402516039
428502,6257, 2487, -40946.2937281623
429002,6292, 2488, -38789.49710244771
429502,6332, 2488, -30251.976584757882
430002,6366, 2488, -27506.35685630681
430502,6391, 2491, -27823.5897034328
431002,6416, 2492, -27597.047531545802
431502,6443, 2495, -21431.053250003933
432002,6465, 2497, -38844.53048800869
432502,6499, 2504, -62310.229858096594
433002,6532, 2507, -37441.98573916964
433502,6564, 2510, -38952.17656898551
434002,6589, 2512, -29098.694371981735
434502,6623, 2515, -43046.29894955864
435002,6663, 2515, -25885.618849743056
435502,6696, 2518, -29698.704987351462
436002,6714, 2520, -39697.50490015239
436502,6743, 2522, -40897.03840843757
437002,6775, 2522, -29654.941162736155
437502,6792, 2528, -65767.93993650677
438002,6820, 2528, -38597.770086181816
438502,6854, 2531, -42841.16952761085
439002,6892, 2532, -44178.02492401062
439502,6938, 2533, -44595.992904680665
440002,6977, 2534, -31986.7773905457
440502,7003, 2534, -45103.71818089897
441002,7028, 2538, -42134.64611858013
441502,7048, 2539, -38969.02780532569
442002,7067, 2540, -51734.047811788856
442502,7091, 2541, -25866.41278811866
443002,7117, 2543, -25216.239563375384
443502,7146, 2545, -37309.74627403563
444002,7174, 2545, -30908.41240010847
444502,7206, 2546, -30923.009568475885
445002,7245, 2547, -17533.195274869795
445502,7273, 2548, -40395.90124804928
446002,7306, 2548, -17318.65938893689
446502,7328, 2550, -27114.503289621178
447002,7359, 2552, -30383.408360100817
447502,7390, 2554, -31479.08409796498
448002,7434, 2554, -41809.941459880676
448502,7465, 2554, -15411.737102054005
449002,7499, 2555, -23804.05346278657
449502,7531, 2557, -23082.07642159988
450002,7563, 2559, -38350.00870912464
450502,7589, 2562, -26996.44156796392
451002,7614, 2564, -36497.36521573461
451502,7646, 2566, -48468.37405969296
452002,7678, 2566, -52516.54145248822
452502,7710, 2568, -43935.9721580199
453002,7734, 2571, -36180.74572349602
453502,7768, 2572, -36139.682931940435
454002,7799, 2572, -25549.808338561168
454502,7821, 2574, -27783.159689124033
455002,7850, 2576, -39484.50479324919
455502,7882, 2579, -36572.44053131556
456002,7913, 2581, -48133.54892919841
456502,7944, 2584, -37989.26167799055
457002,7977, 2587, -19704.126568572246
457502,8002, 2594, -48604.170798522595
458002,8026, 2596, -34139.39218714119
458502,8047, 2598, -43745.11506736808
459002,8079, 2602, -45839.8855424379
459502,8118, 2604, -33788.278191139354
460002,8157, 2606, -49726.910279811476
460502,8186, 2611, -50005.321410332595
461002,8223, 2611, -24987.542392813077
461502,8255, 2613, -32739.192380231398
462002,8278, 2615, -37442.944965636474
462502,8306, 2616, -34893.54629656954
463002,8326, 2619, -47274.32273253429
463502,8365, 2621, -37598.32382957678
464002,8402, 2623, -35417.35544397787
464502,8436, 2625, -38926.00951876346
465002,8474, 2627, -27954.249796487624
465502,8508, 2628, -31747.973840863124
466002,8542, 2629, -31089.507887507665
466502,8574, 2631, -38975.44337364135
467002,8605, 2638, -63132.49700476311
467502,8642, 2640, -47267.21199745117
468002,8681, 2641, -30484.376117136213
468502,8711, 2644, -41606.509894321905
469002,8754, 2644, -31221.396508838632
469502,8796, 2647, -38051.656172638875
470002,8828, 2647, -47309.49002101045
470502,8859, 2648, -22490.28868810642
471002,8887, 2650, -26478.378698288812
471502,8925, 2654, -46925.19257098531
472002,8966, 2660, -47807.32972002779
472502,8997, 2661, -39370.50347002466
473002,9025, 2666, -52394.94534589695
473502,9063, 2668, -33400.48007733711
474002,9091, 2669, -35004.967875920214
474502,9124, 2670, -38625.89292627881
475002,9158, 2672, -27499.338345849013
475502,9200, 2674, -46003.48336828951
476002,9237, 2678, -33335.21934466798
476502,9271, 2680, -37917.148120142985
477002,9312, 2681, -29744.242217044055
477502,9347, 2684, -28429.101700572122
478002,9386, 2685, -32441.177980379318
478502,9419, 2688, -39580.371876426005
479002,9464, 2691, -36534.565451915376
479502,9505, 2691, -44477.38891410036
480002,9551, 2695, -54297.87315445137
480502,9585, 2699, -33959.91715923208
481002,9623, 2702, -32005.228999941202
481502,9655, 2704, -23481.488710293954
482002,9693, 2707, -42635.1196996097
482502,9729, 2710, -44256.020563965314
483002,9751, 2712, -42087.847175075905
483502,9781, 2712, -54436.41024005403
484002,9819, 2714, -45346.644317632774
484502,9865, 2716, -45026.69628781415
485002,9904, 2722, -50997.626976325584
485502,9937, 2723, -38491.36905049512
486002,9959, 2725, -46089.90789655034
486502,9980, 2727, -41290.36217651091
487002,10011, 2731, -48458.67717551207
487502,10051, 2732, -42007.595220361574
488002,10092, 2734, -40138.838142466906
488502,10133, 2737, -35196.28799768927
489002,10163, 2741, -37634.126786984794
489502,10201, 2742, -29528.253749292497
490002,10241, 2744, -39123.1254945322
490502,10264, 2744, -34881.4618268504
491002,10299, 2745, -44790.79670988934
491502,10340, 2747, -31286.48674641017
492002,10375, 2748, -42099.49873330281
492502,10418, 2750, -40061.87637709205
493002,10464, 2753, -40038.05943867867
493502,10509, 2755, -34897.80711813894
494002,10549, 2762, -35681.99844680738
494502,10580, 2766, -51905.42848763568
495002,10616, 2768, -48175.27483504906
495502,10652, 2773, -52947.71843900834
496002,10698, 2773, -28412.452463609632
496502,10747, 2774, -22730.914856610965
497002,10794, 2777, -47520.776399685434
497502,10847, 2780, -49159.72216548343
498002,10885, 2786, -45529.380817421945
498502,10937, 2788, -42443.675412917044
499002,10985, 2788, -28911.14331428695
499502,11008, 2790, -27702.706727237688
500002,11037, 2791, -43630.39312938982
500502,11060, 2791, -37166.85387901898
501002,11096, 2799, -58627.81696441118
501502,11137, 2801, -39417.945955105824
502002,11178, 2801, -27093.282798636705
502502,11222, 2805, -53344.4800010473
503002,11264, 2808, -33574.583651308676
503502,11299, 2811, -46029.59722294175
504002,11344, 2811, -41540.197097701224
504502,11388, 2812, -30092.37922831849
505002,11429, 2816, -49966.53650160067
505502,11467, 2817, -33589.397814757016
506002,11507, 2818, -30805.062987096302
506502,11547, 2819, -36050.75792935495
507002,11598, 2820, -28209.02594548496
507502,11635, 2821, -37363.58399543003
508002,11683, 2822, -37410.72838432333
508502,11731, 2824, -22340.483579825952
509002,11766, 2827, -37782.70776252396
509502,11805, 2827, -15771.39541872032
510002,11855, 2827, -36466.52744345584
510502,11895, 2830, -28150.213785432396
511002,11937, 2832, -32991.62906119722
511502,11986, 2832, -34575.99226066502
512002,12029, 2836, -52418.032648389984
512502,12076, 2839, -47794.9124864536
513002,12121, 2842, -54196.306864809245
513502,12170, 2844, -41403.63132904307
514002,12204, 2848, -41208.147498776714
514502,12253, 2851, -34886.03072152962
515002,12296, 2851, -35538.830115574645
515502,12332, 2854, -24003.826128827503
516002,12374, 2858, -41410.28644131136
516502,12420, 2858, -37561.128353126
517002,12465, 2859, -41319.03198462144
517502,12487, 2863, -46081.962909776514
518002,12521, 2866, -38559.98966698264
518502,12556, 2867, -54094.257834294345
519002,12597, 2870, -53569.8066405344
519502,12645, 2871, -39498.5577447516
520002,12695, 2872, -42700.405184948875
520502,12741, 2876, -49665.32379958138
521002,12791, 2878, -37427.123298007995
521502,12842, 2880, -37121.30156730166
522002,12896, 2882, -14495.970237178932
522502,12945, 2884, -46280.17671767698
523002,12977, 2887, -46564.213070370024
523502,13025, 2891, -27715.154792607518
524002,13059, 2898, -51082.675951769095
524502,13101, 2901, -44393.28902327786
525002,13145, 2905, -28172.773934930214
525502,13202, 2905, -37672.67903123307
526002,13257, 2907, -43852.87535242061
526502,13304, 2910, -43058.46245360426
527002,13355, 2915, -46358.68811923388
527502,13403, 2919, -39081.21289269734
528002,13433, 2921, -31208.744892505973
528502,13455, 2925, -39863.70468918857
529002,13500, 2929, -40311.962346396525
529502,13545, 2931, -42945.306568990636
530002,13586, 2937, -37307.239882657756
530502,13638, 2942, -55406.1584428394
531002,13684, 2945, -34572.53912160965
531502,13725, 2949, -44005.75913236453
532002,13769, 2954, -31627.43523356301
532502,13814, 2956, -40662.71986657457
533002,13854, 2959, -41074.39698825986
533502,13895, 2962, -31226.67763703363
534002,13932, 2967, -40930.13728334062
534502,13980, 2972, -57087.185067738756
535002,14021, 2977, -43767.91565758092
535502,14068, 2979, -44584.54915686406
536002,14113, 2984, -31051.93676535494
536502,14161, 2985, -32353.423520517885
537002,14205, 2986, -39990.34770741087
537502,14259, 2986, -41297.38236787038
538002,14309, 2987, -26800.172278767393
538502,14360, 2991, -42124.148069695744
539002,14399, 2997, -41686.46035723165
539502,14453, 2998, -49114.739740892895
540002,14505, 2999, -35809.00183844427
540502,14549, 3000, -44186.24070631279
541002,14600, 3001, -43101.51811967819
541502,14651, 3003, -36238.81592528522
542002,14707, 3005, -42507.194782422506
542502,14753, 3008, -42030.44019497684
543002,14804, 3010, -38754.149697998095
543502,14844, 3011, -44679.576568792894
544002,14879, 3014, -31679.464958340104
544502,14932, 3015, -42705.09099108493
545002,14982, 3017, -26165.00857248959
545502,15028, 3019, -30015.924283866247
546002,15081, 3019, -27454.848302527796
546502,15126, 3020, -37739.69440299843
547002,15178, 3022, -29272.007705830452
547502,15230, 3028, -52884.67849651212
548002,15282, 3029, -38018.699627278256
548502,15334, 3031, -27848.70153375072
549002,15385, 3034, -36028.479448254686
549502,15436, 3036, -38470.43621277155
550002,15479, 3038, -49026.10273020792
550502,15522, 3039, -39745.28355148714
551002,15578, 3041, -33145.58128557692
551502,15623, 3042, -29584.482008128987
552002,15671, 3043, -32553.32500693028
552502,15711, 3044, -32441.128090295744
553002,15752, 3045, -43281.88381988264
553502,15806, 3046, -20910.425387493764
554002,15859, 3047, -46856.75756353268
554502,15913, 3051, -32543.607508416593
555002,15952, 3052, -40647.05098742712
555502,15993, 3054, -24942.555867345814
556002,16038, 3056, -34374.71942581161
556502,16084, 3058, -29455.416464397364
557002,16133, 3059, -42357.158810797264
557502,16179, 3061, -21149.60637837135
558002,16214, 3064, -39932.944590665604
558502,16241, 3065, -44955.05561704148
559002,16261, 3067, -47638.47597503949
559502,16301, 3072, -46385.811317342
560002,16348, 3077, -54477.834258473595
560502,16409, 3079, -27053.636229028518
561002,16467, 3079, -46934.16307589086
561502,16522, 3082, -49392.53529932327
562002,16567, 3085, -43467.31346471066
562502,16609, 3089, -42356.438227707404
563002,16661, 3092, -43451.74164478881
563502,16698, 3094, -39476.01552143949
564002,16744, 3094, -49056.354323737905
564502,16783, 3097, -55542.105980823246
565002,16836, 3098, -35012.98388772027
565502,16889, 3099, -41735.25339572076
566002,16943, 3100, -39109.270616574795
566502,17003, 3104, -34967.57094735047
567002,17047, 3110, -62683.19936563536
567502,17100, 3110, -19473.877563004615
568002,17152, 3114, -56410.55139839789
568502,17207, 3115, -20866.54535566122
569002,17260, 3116, -36360.586578090675
569502,17312, 3118, -39384.1428068066
570002,17374, 3119, -26648.13466547546
570502,17416, 3121, -61347.14951225241
571002,17446, 3125, -55644.831505029
571502,17474, 3130, -62844.07137720543
572002,17512, 3132, -34023.450027451676
572502,17553, 3132, -38099.332213646616
573002,17604, 3135, -36847.44095566306
573502,17654, 3137, -45717.27880012221
574002,17702, 3141, -38386.32757388748
574502,17759, 3142, -20815.030148745303
575002,17811, 3143, -52609.09533934288
575502,17862, 3146, -46860.53964269324
576002,17918, 3150, -53229.16885803228
576502,17978, 3152, -38816.00696036196
577002,18029, 3154, -35242.98843319877
577502,18079, 3156, -44166.18608005537
578002,18143, 3157, -38754.581672797794
578502,18196, 3157, -36585.97001037386
579002,18255, 3157, -37547.573122997885
579502,18303, 3158, -42941.06830720324
580002,18361, 3161, -37137.81312879897
580502,18417, 3165, -53232.15169669183
581002,18470, 3168, -47065.64453488565
581502,18530, 3169, -38843.46221292837
582002,18587, 3171, -32805.77304088313
582502,18644, 3176, -51254.82829812879
583002,18701, 3178, -39004.680200471965
583502,18759, 3182, -32283.29770605889
584002,18808, 3190, -44808.100366533996
584502,18866, 3192, -45523.453594121616
585002,18920, 3194, -33168.095720035315
585502,18969, 3200, -26968.215942039067
586002,19022, 3202, -45251.37335651276
586502,19071, 3205, -35650.68870590115
587002,19126, 3207, -30963.618079521475
587502,19179, 3212, -41045.28983460413
588002,19229, 3216, -54523.49423961644
588502,19282, 3218, -37193.493973046076
589002,19338, 3224, -45323.750080074184
589502,19395, 3229, -46681.21214172593
590002,19451, 3230, -42999.28054426755
590502,19504, 3232, -45265.83615270024
591002,19558, 3235, -29456.436506386497
591502,19620, 3237, -29401.785040656156
592002,19675, 3241, -38353.532476597175
592502,19727, 3245, -49321.43756740115
593002,19775, 3250, -40540.716011598415
593502,19832, 3255, -46832.11696396925
594002,19887, 3260, -50603.15473503154
594502,19940, 3262, -42529.23736987094
595002,19997, 3266, -42997.479989883956
595502,20057, 3267, -31053.383246237412
596002,20107, 3268, -19701.899361695745
596502,20159, 3271, -35863.744341265
597002,20215, 3272, -27473.171624998737
597502,20267, 3274, -31209.1025255236
598002,20323, 3277, -42977.21746545157
598502,20385, 3278, -22612.005903809215
599002,20437, 3278, -33656.408003041404
599502,20489, 3282, -47349.240247086214
600002,20547, 3283, -42947.374796050135
600502,20590, 3285, -42214.08497107541
601002,20646, 3287, -41334.26607730758
601502,20702, 3289, -43772.915400801925
602002,20760, 3291, -32438.20958331495
602502,20819, 3292, -40914.19127725533
603002,20867, 3293, -28302.95823554386
603502,20925, 3293, -38399.802943298826
604002,20987, 3293, -37030.3315520999
604502,21049, 3295, -39536.82839509996
605002,21102, 3297, -34776.81222942934
605502,21154, 3298, -30435.76750244957
606002,21206, 3301, -46021.37580004323
606502,21261, 3301, -32828.06741533568
607002,21317, 3304, -26641.678139593132
607502,21374, 3307, -29029.18781816715
608002,21429, 3309, -28994.95077110338
608502,21490, 3309, -42673.57382691471
609002,21539, 3310, -25748.776748784847
609502,21594, 3315, -47642.783361470734
610002,21660, 3315, -29392.9802645717
610502,21712, 3318, -49831.70717430505
611002,21774, 3320, -50559.2029104816
611502,21831, 3320, -41378.722991729155
612002,21895, 3320, -49674.564972473774
612502,21958, 3320, -37331.356743129014
613002,22020, 3320, -55085.06859230995
613502,22073, 3320, -40029.786473971326
614002,22131, 3324, -56046.05123764556
614502,22177, 3330, -55081.21233577607
615002,22232, 3334, -61185.36609895568
615502,22292, 3335, -49794.338688256175
616002,22352, 3336, -43760.503447823925
616502,22406, 3339, -41393.941095541
617002,22457, 3342, -52456.12544142397
617502,22510, 3344, -36940.81448280113
618002,22561, 3348, -48673.76263150268
618502,22621, 3351, -57653.87820086046
619002,22681, 3353, -50881.43096731324
619502,22746, 3353, -42358.694862993085
620002,22808, 3354, -59564.126129653305
620502,22865, 3360, -57449.65611706674
621002,22921, 3362, -41034.788769953564
621502,22980, 3363, -32469.354624228552
622002,23035, 3368, -41189.32755211089
622502,23086, 3369, -44893.979690588574
623002,23144, 3373, -45028.01595047244
623502,23198, 3377, -55553.39537234581
624002,23261, 3379, -39147.49914626824
624502,23318, 3381, -34720.28118277143
625002,23370, 3386, -49873.56699732761
625502,23432, 3386, -31803.891243333695
626002,23493, 3386, -48362.19758355449
626502,23560, 3387, -33762.2002202064
627002,23624, 3389, -48234.960813631114
627502,23680, 3389, -50024.74715902773
628002,23735, 3389, -38856.25885096053
628502,23796, 3390, -50392.37077289674
629002,23848, 3393, -58311.101875650435
629502,23905, 3395, -45659.68934370205
630002,23963, 3397, -34846.79164520922
630502,24016, 3398, -49086.45633400944
631002,24080, 3399, -39224.11385597192
631502,24144, 3399, -36713.67507635086
632002,24194, 3401, -26443.38713330563
632502,24256, 3401, -42415.05088896537
633002,24317, 3403, -38847.37339360299
633502,24380, 3404, -26531.683823873696
634002,24438, 3405, -43874.51865475988
634502,24499, 3405, -42090.75752633379
635002,24555, 3409, -34914.72823594646
635502,24613, 3411, -25571.82577578246
636002,24674, 3414, -37920.123588662595
636502,24741, 3414, -40811.10433587921
637002,24805, 3415, -43442.601836718895
637502,24869, 3415, -44958.76355043496
638002,24927, 3417, -47318.88802248164
638502,24989, 3419, -43079.24179520487
639002,25044, 3424, -49037.670968064485
639502,25109, 3426, -38572.532732877225
640002,25165, 3428, -34283.851666571805
640502,25232, 3428, -48396.1744335549
641002,25290, 3430, -38023.33311658137
641502,25354, 3432, -35126.41259356565
642002,25415, 3434, -53491.17049298636
642502,25476, 3436, -45167.74613842671
643002,25540, 3438, -37791.844423611765
643502,25600, 3441, -40456.73747819084
644002,25659, 3446, -46345.90979881538
644502,25718, 3449, -48478.24315637045
645002,25774, 3451, -35017.76184965845
645502,25847, 3454, -40791.494638897595
646002,25915, 3460, -44353.09097418902
646502,25974, 3461, -39303.28753697808
647002,26028, 3463, -47129.85467749787
647502,26087, 3464, -37527.240104334545
648002,26159, 3464, -32866.84405133014
648502,26219, 3466, -28480.847821944975
649002,26285, 3467, -65066.724865863536
649502,26351, 3469, -39174.561008077115
650002,26403, 3474, -54923.63093284075
650502,26457, 3477, -50349.61391638458
651002,26523, 3478, -44370.46127609204
651502,26589, 3479, -37807.11868621671
652002,26650, 3482, -26386.44933443336
652502,26703, 3485, -45843.09622259703
653002,26764, 3487, -28264.985277532003
653502,26818, 3488, -50409.72353915218
654002,26867, 3490, -39367.22588689349
654502,26925, 3494, -39894.750788081205
655002,26988, 3498, -50492.02606565016
655502,27044, 3501, -52000.91876559111
656002,27109, 3502, -47712.37188420348
656502,27170, 3504, -53532.94619347894
657002,27239, 3507, -27457.01859223371
657502,27297, 3508, -35881.282328690955
658002,27349, 3512, -44670.33218421391
658502,27416, 3514, -43847.7690792362
659002,27472, 3515, -41921.719470055774
659502,27534, 3517, -45080.97094096278
660002,27587, 3522, -35212.53485230898
660502,27628, 3526, -49087.889008151906
661002,27688, 3530, -45572.8034850994
661502,27757, 3532, -36485.08803710539
662002,27818, 3536, -50432.4609422184
662502,27883, 3539, -46426.036678178
663002,27945, 3542, -49373.30238852027
663502,28008, 3543, -41121.910828322754
664002,28077, 3544, -33118.21846998611
664502,28136, 3546, -45337.2856959569
665002,28196, 3549, -47989.554288837244
665502,28263, 3553, -40442.37117155732
666002,28331, 3554, -42544.556869287975
666502,28398, 3556, -24882.119904405256
667002,28455, 3557, -45214.13192718079
667502,28519, 3560, -38291.72815975454
668002,28584, 3561, -30944.9630583564
668502,28650, 3561, -34969.318831918994
669002,28713, 3563, -32805.308270279624
669502,28778, 3566, -50433.67531158985
670002,28843, 3568, -45011.90620527044
670502,28910, 3570, -44663.791762670815
671002,28970, 3572, -40749.44868969952
671502,29037, 3576, -51341.92339468887
672002,29099, 3576, -39900.313135952805
672502,29167, 3578, -42771.73133717489
673002,29224, 3580, -35804.34321431909
673502,29286, 3581, -40947.07490707218
674002,29352, 3583, -42056.83064467844
674502,29418, 3586, -41018.41313132469
675002,29469, 3588, -49302.52606853629
675502,29521, 3594, -52148.36214994686
676002,29588, 3596, -47653.250103592756
676502,29656, 3597, -40652.095410446025
677002,29716, 3600, -45784.319426797796
677502,29782, 3601, -35601.15256017097
678002,29841, 3603, -47646.153344549006
678502,29903, 3605, -42138.32120768598
679002,29965, 3607, -44226.567815164744
679502,30026, 3608, -38186.30607760628
680002,30090, 3611, -47555.064388648025
680502,30150, 3613, -53746.30051754037
681002,30211, 3618, -56724.934840268455
681502,30272, 3626, -49433.522713226324
682002,30339, 3628, -48306.7927577222
682502,30395, 3629, -41262.78642940412
683002,30458, 3630, -28193.4401885618
683502,30522, 3634, -44454.069507441134
684002,30581, 3638, -25565.177145721624
684502,30643, 3642, -56643.55448941924
685002,30702, 3646, -46202.54794428835
685502,30761, 3650, -41919.78985016279
686002,30821, 3653, -51121.45626984001
686502,30883, 3655, -28043.636675146146
687002,30947, 3657, -42422.69324535658
687502,31006, 3662, -48847.392690690525
688002,31064, 3663, -44013.48296172649
688502,31127, 3667, -43520.92958073568
689002,31192, 3671, -37779.694600450755
689502,31253, 3676, -61313.60487471847
690002,31320, 3678, -55204.3594205454
690502,31387, 3678, -36545.91624272382
691002,31448, 3680, -39666.87348702678
691502,31511, 3682, -46391.18665990798
692002,31566, 3684, -31916.90883883764
692502,31629, 3685, -34331.51191957283
693002,31690, 3686, -47487.32215248345
693502,31755, 3686, -30467.598273910873
694002,31819, 3688, -43136.310660745694
694502,31883, 3693, -49565.03413082729
695002,31943, 3696, -56703.10156975867
695502,32003, 3699, -50866.825030026186
696002,32061, 3703, -43740.61142624775
696502,32131, 3703, -32493.298984173613
697002,32194, 3705, -47567.60379502736
697502,32264, 3706, -44734.47411543154
698002,32329, 3709, -42477.725149965685
698502,32386, 3714, -43649.19458194083
699002,32448, 3715, -26375.742736122338
699502,32499, 3719, -42316.95499009942
700002,32563, 3723, -47927.876511222494
700502,32627, 3724, -35794.89821035159
701002,32695, 3726, -26446.07644100912
701502,32761, 3729, -35045.843918984
702002,32820, 3731, -42958.55938252501
702502,32883, 3735, -40911.80284547311
703002,32938, 3737, -50939.30922196014
703502,32998, 3737, -33001.6817493476
704002,33065, 3738, -31052.719090074912
704502,33124, 3741, -37171.1081985244
705002,33192, 3742, -43465.344982960785
705502,33242, 3747, -48260.21047507413
706002,33308, 3751, -44595.977670098306
706502,33374, 3754, -50131.44698252145
707002,33437, 3755, -39900.24453355433
707502,33497, 3758, -48544.242110279505
708002,33557, 3759, -38299.32053077081
708502,33618, 3760, -38008.09905073658
709002,33679, 3764, -52921.565177792974
709502,33742, 3766, -56665.620845836995
710002,33803, 3767, -46178.2319849068
710502,33869, 3767, -42934.1280970138
711002,33930, 3769, -54433.63301570574
711502,33987, 3772, -46103.518631706014
712002,34043, 3775, -51611.29144858691
712502,34104, 3776, -29856.680190178857
713002,34166, 3779, -43093.44844906209
713502,34231, 3781, -42690.30858649872
714002,34295, 3783, -40020.07765445723
714502,34361, 3784, -37938.5138527769
715002,34424, 3785, -46875.15475162305
715502,34486, 3788, -49165.311013627506
716002,34546, 3790, -38414.38931957446
716502,34595, 3791, -49461.54786763614
717002,34655, 3794, -44890.0935019732
717502,34722, 3794, -35463.36473818723
718002,34782, 3795, -50988.039624091005
718502,34846, 3796, -38183.994382984674
719002,34909, 3799, -51517.37813401129
719502,34970, 3799, -40198.471373363165
720002,35037, 3799, -48415.28285023989
720502,35098, 3799, -43172.55669702042
721002,35151, 3800, -42038.18109096924
721502,35213, 3802, -35814.44682491841
722002,35279, 3803, -41010.58769726381
722502,35336, 3806, -49494.49908577092
723002,35398, 3807, -57010.11034691813
723502,35462, 3808, -25447.844482535846
724002,35516, 3810, -45571.25030463503
724502,35578, 3811, -39327.70927727781
725002,35641, 3813, -32140.610442001176
725502,35710, 3814, -32460.95043054958
726002,35775, 3816, -57029.50462825736
726502,35841, 3817, -51320.58897332169
727002,35893, 3818, -45757.31467872424
727502,35961, 3820, -39136.79190315667
728002,36014, 3821, -53040.635420682374
728502,36075, 3821, -36383.133495735616
729002,36143, 3821, -31660.927430430325
729502,36202, 3822, -44154.8475592006
730002,36260, 3828, -45864.367959317286
730502,36323, 3832, -41601.55038837041
731002,36381, 3835, -45400.812705910124
731502,36444, 3838, -51634.88390268595
732002,36515, 3840, -36815.51438580535
732502,36581, 3842, -43926.606855859805
733002,36641, 3844, -43277.04181547067
733502,36704, 3849, -49363.20504709225
734002,36770, 3852, -45941.08065300342
734502,36834, 3854, -50017.95889356255
735002,36895, 3856, -42170.97516133814
735502,36950, 3860, -34084.48374920443
736002,37015, 3861, -31964.636636492563
736502,37087, 3861, -34863.23589213382
737002,37160, 3861, -48578.48066411284
737502,37225, 3861, -48510.84800732089
738002,37304, 3861, -30565.885853220767
738502,37362, 3864, -48248.70883317501
739002,37429, 3868, -45272.77265717916
739502,37496, 3869, -55107.465989093645
740002,37565, 3872, -49609.940158960526
740502,37625, 3873, -35065.28142343735
741002,37685, 3877, -50552.918308648004
741502,37757, 3877, -38313.64049341739
742002,37823, 3879, -52984.43527831172
742502,37885, 3883, -56970.51380418835
743002,37943, 3888, -64682.16763105494
743502,38000, 3894, -45529.27185459249
744002,38061, 3896, -55124.05923926609
744502,38119, 3899, -62890.552856734954
745002,38190, 3899, -37623.440421194304
745502,38257, 3901, -47442.298122639695
746002,38318, 3902, -37671.8502890222
746502,38387, 3903, -52069.808144688956
747002,38446, 3906, -55273.61738721753
747502,38512, 3908, -41825.258792622524
748002,38584, 3909, -42866.296358377556
748502,38652, 3911, -62446.7260192188
749002,38723, 3913, -41382.98144304114
749502,38780, 3918, -54403.24228086055
750002,38845, 3921, -42168.320056706376
750502,38917, 3921, -36510.9510126129
751002,38978, 3925, -44361.135785159306
751502,39038, 3928, -46084.874166853086
752002,39108, 3928, -52538.4794331101
752502,39176, 3928, -41485.03619683103
753002,39241, 3929, -49783.10598864305
753502,39310, 3931, -53512.847159763216
754002,39378, 3933, -38101.419544036966
754502,39447, 3934, -38033.36980071198
755002,39506, 3940, -54002.43218778167
755502,39571, 3945, -55586.16067582881
756002,39633, 3947, -54125.241010437254
756502,39699, 3947, -34120.20551716811
757002,39767, 3949, -42646.1788939964
757502,39829, 3954, -50380.8784859461
758002,39900, 3955, -26057.323423460475
758502,39958, 3958, -54268.99858653906
759002,40018, 3959, -38899.80040177406
759502,40080, 3961, -42060.557169070235
760002,40150, 3965, -49118.72649438672
760502,40214, 3967, -53401.761785989336
761002,40276, 3967, -33648.39174424182
761502,40340, 3971, -33461.67522897525
762002,40411, 3972, -47540.25103728956
762502,40473, 3975, -44451.44582699961
763002,40542, 3977, -41299.834329267964
763502,40611, 3977, -41175.05855003727
764002,40675, 3977, -44947.16477510036
764502,40743, 3979, -41984.069941925816
765002,40804, 3980, -37242.127391377755
765502,40873, 3981, -32646.566777645727
766002,40937, 3981, -48812.24266965373
766502,41004, 3983, -45343.8274485548
767002,41061, 3986, -43043.288795668006
767502,41124, 3987, -36937.6578366044
768002,41188, 3987, -57462.89155656495
768502,41252, 3988, -33959.544652294906
769002,41313, 3990, -45921.52109266922
769502,41381, 3992, -42269.75711440283
770002,41446, 3993, -57735.58328954753
770502,41493, 3998, -49763.71141430177
771002,41552, 4000, -51947.76636650134
771502,41622, 4001, -35422.78091878025
772002,41688, 4001, -42778.883338420885
772502,41751, 4005, -38555.450164734386
773002,41822, 4007, -48352.826354038785
773502,41889, 4008, -43783.79847035228
774002,41955, 4010, -44619.84905040008
774502,42022, 4012, -44456.867452041246
775002,42083, 4012, -53481.96950919763
775502,42149, 4014, -47393.84384152363
776002,42215, 4014, -42448.70795661968
776502,42278, 4014, -37580.253525561886
777002,42341, 4019, -51705.88700944232
777502,42403, 4022, -52380.97722423552
778002,42467, 4023, -57611.64744893217
778502,42531, 4024, -43976.57671547454
779002,42603, 4024, -37974.662897948176
779502,42664, 4026, -54018.16873150325
780002,42725, 4030, -37556.59155831381
780502,42783, 4033, -47012.863092807005
781002,42848, 4035, -32290.001309730927
781502,42912, 4037, -43516.17170478328
782002,42984, 4037, -47716.68219270664
782502,43055, 4037, -34364.33484980821
783002,43125, 4039, -45238.77935402178
783502,43192, 4041, -48852.97708497918
784002,43261, 4044, -52548.1671876146
784502,43326, 4045, -41052.090941653005
785002,43398, 4048, -47837.42942457867
785502,43469, 4048, -39851.74419162003
786002,43535, 4050, -42204.29410471837
786502,43601, 4054, -47573.974264884135
787002,43668, 4056, -48495.9498978951
787502,43735, 4058, -54986.177734233905
788002,43803, 4061, -39252.223048943735
788502,43869, 4063, -53780.06922724233
789002,43938, 4064, -51736.37219401682
789502,44006, 4065, -34584.47555310503
790002,44072, 4067, -43015.85642807024
790502,44141, 4067, -52083.72129739495
791002,44215, 4069, -54858.23136281649
791502,44288, 4070, -43199.741339917586
792002,44356, 4074, -48792.39872502107
792502,44425, 4075, -52198.18777082424
793002,44498, 4077, -50809.08179728966
793502,44557, 4082, -57602.67056690529
794002,44629, 4086, -43185.8854395214
794502,44702, 4086, -50248.63047966425
795002,44774, 4087, -58675.81071042508
795502,44844, 4090, -59892.073081737035
796002,44909, 4092, -37269.673310950166
796502,44976, 4095, -52923.197219270514
797002,45053, 4096, -34148.97043426345
797502,45118, 4101, -52570.14604477328
798002,45184, 4106, -53533.11468961288
798502,45253, 4107, -31470.125489932758
799002,45321, 4107, -46709.33293906064
799502,45392, 4108, -49533.338060697075
800002,45456, 4110, -38850.83513797331
800502,45528, 4111, -36965.85162093403
801002,45598, 4111, -51528.32032098819
801502,45666, 4114, -45126.82460718142
802002,45741, 4114, -33704.20766849618
802502,45812, 4115, -43687.14709250955
803002,45877, 4115, -43113.00597896665
803502,45948, 4116, -40764.81898712041
804002,46009, 4118, -41656.32678067073
804502,46072, 4119, -38333.01177709678
805002,46129, 4120, -55138.714549277385
805502,46198, 4122, -43709.80157415476
806002,46269, 4122, -46342.28030074257
806502,46344, 4122, -37976.04031145718
807002,46421, 4122, -39688.4507367874
807502,46497, 4124, -47389.342923544
808002,46568, 4125, -51535.491146158194
808502,46630, 4126, -45217.30472087428
809002,46693, 4131, -50360.37794030667
809502,46757, 4132, -31464.4649915973
810002,46827, 4135, -43493.31701787334
810502,46896, 4136, -49601.12264073896
811002,46970, 4136, -44164.08057842631
811502,47044, 4137, -41706.403390293766
812002,47116, 4141, -35419.42877259245
812502,47179, 4144, -23798.099907066207
813002,47246, 4145, -35986.7242479478
813502,47302, 4150, -49937.11430889937
814002,47375, 4150, -33331.0039653359
814502,47440, 4152, -42909.259231954406
815002,47504, 4153, -42657.507070364896
815502,47570, 4155, -51343.59461038187
816002,47639, 4157, -38763.23073464843
816502,47712, 4157, -48919.409222221
817002,47777, 4160, -38286.84710522927
817502,47848, 4163, -43094.22338695009
818002,47918, 4164, -46686.97424262145
818502,47979, 4167, -57608.673256262904
819002,48044, 4169, -43349.86311917676
819502,48103, 4169, -33278.91733303259
820002,48169, 4171, -38895.25740276312
820502,48239, 4172, -45357.48667499522
821002,48302, 4173, -44030.27579517737
821502,48364, 4175, -36676.05166681815
822002,48420, 4176, -28874.51347718772
822502,48477, 4184, -51124.36099512249
823002,48548, 4184, -29856.995518901385
823502,48619, 4186, -52061.61650474463
824002,48686, 4186, -34496.712096994044
824502,48759, 4187, -28330.82580588048
825002,48824, 4190, -46531.624973117374
825502,48894, 4194, -45241.8633872089
826002,48967, 4195, -38607.19238493394
826502,49033, 4196, -39739.52355349576
827002,49106, 4198, -42435.32697210391
827502,49174, 4199, -49163.19739758363
828002,49240, 4203, -36536.73163715168
828502,49304, 4207, -42671.353317590314
829002,49382, 4207, -38853.235677644756
829502,49449, 4208, -37917.309512876906
830002,49521, 4208, -29074.20754005364
830502,49589, 4208, -27960.19564652699
831002,49656, 4209, -37628.39604648568
831502,49727, 4210, -43262.52549084279
832002,49795, 4212, -41737.78956160812
832502,49863, 4215, -41570.92727679279
833002,49932, 4217, -31894.237888103817
833502,49997, 4218, -38422.17121503991
834002,50062, 4221, -36256.23651489211
834502,50128, 4223, -39052.67869291396
835002,50194, 4227, -31872.9030277008
835502,50265, 4228, -34370.47744063358
836002,50336, 4229, -42077.31984455837
836502,50404, 4231, -44688.583105758764
837002,50472, 4234, -54614.78091923008
837502,50539, 4239, -42603.66298750258
838002,50612, 4239, -46296.691942416364
838502,50688, 4240, -39829.222392222844
839002,50754, 4242, -48642.6906637511
839502,50814, 4246, -41178.50588518
840002,50879, 4246, -31595.17002775951
840502,50943, 4249, -34872.734339943156
841002,51007, 4251, -29334.310213768447
841502,51069, 4253, -50426.62200421063
842002,51135, 4256, -46516.91733725445
842502,51207, 4257, -41579.56324689428
843002,51269, 4258, -37533.80551219446
843502,51339, 4260, -32864.13567641436
844002,51407, 4261, -43837.859405502284
844502,51476, 4263, -48488.05853454425
845002,51549, 4265, -36127.67188364349
845502,51613, 4267, -41469.61855322833
846002,51678, 4267, -34270.832938982814
846502,51745, 4269, -53482.278167364595
847002,51812, 4271, -25138.011557299295
847502,51887, 4271, -30406.886611005757
848002,51952, 4271, -34959.60335568641
848502,52018, 4272, -39629.576491801665
849002,52084, 4276, -59213.976323786424
849502,52152, 4278, -49009.7991248272
850002,52223, 4278, -30127.25161600714
850502,52296, 4279, -38113.70073448816
851002,52356, 4279, -40652.835853428114
851502,52421, 4279, -41549.19986067468
852002,52485, 4282, -54753.369247621
852502,52557, 4283, -24639.69284249842
853002,52624, 4284, -42740.91680805804
853502,52691, 4284, -39842.28534536995
854002,52767, 4286, -34233.76018535078
854502,52833, 4286, -45271.89632165304
855002,52897, 4287, -34159.40439996845
855502,52973, 4288, -42644.72004053654
856002,53039, 4289, -24705.127239445108
856502,53101, 4290, -47055.8013780741
857002,53173, 4292, -32088.924024856882
857502,53231, 4296, -36270.509552117204
858002,53303, 4297, -35971.27981835924
858502,53374, 4297, -48922.8493229631
859002,53442, 4299, -35487.035219876096
859502,53510, 4300, -53662.50888609444
860002,53568, 4302, -37970.71820485266
860502,53633, 4302, -29142.154469888425
861002,53698, 4302, -37631.78141787334
861502,53769, 4303, -46986.69230785465
862002,53831, 4304, -46527.56987995352
862502,53904, 4304, -34070.199165232945
863002,53980, 4304, -36984.85411701472
863502,54044, 4305, -35749.437628991436
864002,54115, 4307, -48743.12781412015
864502,54185, 4307, -35813.68664924533
865002,54248, 4311, -31494.611453870195
865502,54319, 4314, -50027.00299868794
866002,54390, 4317, -45886.24145614682
866502,54452, 4317, -31049.070327024674
867002,54518, 4319, -49448.091802660376
867502,54596, 4319, -27194.130868205684
868002,54666, 4320, -57258.52375685994
868502,54733, 4321, -56002.102598091646
869002,54796, 4322, -29837.039659220492
869502,54856, 4325, -44828.963230188005
870002,54926, 4328, -47673.18311031273
870502,54990, 4332, -44512.332470194815
871002,55064, 4332, -40728.0576995256
871502,55128, 4332, -44347.919728166686
872002,55204, 4332, -29869.231427128194
872502,55266, 4333, -50782.620875757595
873002,55336, 4336, -39413.06842192272
873502,55408, 4336, -31304.649786437745
874002,55488, 4337, -31894.64461483467
874502,55555, 4341, -58278.7795973242
875002,55625, 4342, -55394.74522546213
875502,55708, 4343, -43143.31445427597
876002,55780, 4346, -55521.68395281694
876502,55848, 4348, -47555.659525424126
877002,55913, 4350, -38906.60156537606
877502,55983, 4351, -44726.947926734996
878002,56063, 4351, -31408.66927002449
878502,56141, 4353, -50631.68608343974
879002,56216, 4355, -40273.710343507206
879502,56284, 4357, -37750.35638172494
880002,56354, 4359, -46248.82921533019
880502,56422, 4362, -42513.63981773541
881002,56482, 4364, -37551.1501018999
881502,56548, 4367, -51094.32194627373
882002,56608, 4373, -47209.42476481869
882502,56675, 4375, -49106.202389896614
883002,56749, 4377, -45164.90550370759
883502,56821, 4381, -41445.554080642876
884002,56900, 4381, -35102.91040755622
884502,56973, 4384, -53279.952660794836
885002,57043, 4387, -49625.650005083764
885502,57107, 4392, -38773.55155737372
886002,57177, 4396, -28962.206231213815
886502,57242, 4396, -43993.87195228037
887002,57312, 4397, -45063.57716897619
887502,57384, 4400, -36663.55562995188
888002,57455, 4401, -32830.0291448388
888502,57525, 4401, -34852.264758995385
889002,57596, 4404, -39230.453233845765
889502,57665, 4408, -46315.747220572724
890002,57735, 4410, -42316.60396388685
890502,57804, 4411, -32131.145014248585
891002,57878, 4412, -32269.72466311115
891502,57955, 4413, -24950.878733970272
892002,58024, 4414, -52757.8405993958
892502,58097, 4419, -47511.263188795245
893002,58171, 4422, -35589.11043634778
893502,58243, 4422, -16295.237235673994
894002,58316, 4423, -45679.78454489703
894502,58381, 4424, -33573.98388487619
895002,58453, 4427, -44878.32745570358
895502,58518, 4431, -55546.639745152206
896002,58589, 4432, -33812.29729918286
896502,58660, 4434, -39002.349763020466
897002,58739, 4434, -34413.973176985375
897502,58811, 4435, -35402.57273914038
898002,58875, 4437, -37646.45682745031
898502,58949, 4437, -38321.64969089336
899002,59026, 4439, -27558.475093305096
899502,59098, 4440, -53451.47387089941
900002,59177, 4440, -36243.99620938185
900502,59250, 4442, -47941.373153359804
901002,59323, 4442, -44965.01446440688
901502,59392, 4444, -30567.911053759803
902002,59465, 4445, -41194.6625042489
902502,59536, 4445, -35923.97950147744
903002,59606, 4446, -36013.33470342541
903502,59678, 4448, -33557.35935470392
904002,59755, 4449, -34304.388237306266
904502,59835, 4450, -37981.86145442244
905002,59910, 4452, -40971.20643484965
905502,59980, 4452, -45545.55968795612
906002,60046, 4454, -25960.20268751157
906502,60111, 4457, -29879.503754110774
907002,60188, 4457, -30755.28296842461
907502,60260, 4458, -33782.448389815865
908002,60336, 4458, -44990.54378983332
908502,60410, 4460, -43469.40908064062
909002,60484, 4464, -48885.9025326081
909502,60554, 4464, -42202.73454402876
910002,60631, 4465, -29250.89901452625
910502,60705, 4466, -42283.431113021215
911002,60772, 4468, -46075.82586128998
911502,60848, 4469, -36476.37533032776
912002,60920, 4470, -28516.302186221175
912502,60995, 4472, -44294.92080062628
913002,61063, 4472, -26843.645055695495
913502,61146, 4474, -29434.819656506937
914002,61215, 4477, -56678.51058257779
914502,61286, 4479, -40603.04064042626
915002,61354, 4481, -30942.038456840302
915502,61430, 4483, -24826.96751124946
916002,61506, 4484, -50871.240963444114
916502,61583, 4484, -27444.391425710142
917002,61640, 4485, -45485.646117844386
917502,61713, 4487, -48381.74194708973
918002,61783, 4488, -33160.67229492709
918502,61854, 4489, -40014.0100491167
919002,61926, 4490, -27512.512658992404
919502,62000, 4490, -38484.94142403209
920002,62078, 4490, -21883.798674995924
920502,62154, 4491, -34750.03625529789
921002,62225, 4494, -35148.292021176894
921502,62297, 4496, -37427.692016232264
922002,62375, 4498, -29433.17196833824
922502,62447, 4498, -43760.86876495101
923002,62517, 4500, -39256.15326864715
923502,62595, 4500, -28795.162631351384
924002,62667, 4500, -38109.71512679744
924502,62734, 4504, -34338.73593465602
925002,62815, 4505, -31267.67160352954
925502,62882, 4507, -59860.71967264847
926002,62958, 4509, -35922.87163788728
926502,63030, 4511, -34025.44706658237
927002,63104, 4515, -35575.62147948032
927502,63165, 4518, -40135.43598226749
928002,63235, 4520, -39616.636448824545
928502,63311, 4521, -49621.34331590001
929002,63380, 4522, -46682.517768408055
929502,63451, 4524, -38407.51379222944
930002,63525, 4527, -54500.413133103866
930502,63602, 4528, -44766.74900136818
931002,63678, 4528, -47273.11130130233
931502,63753, 4529, -32304.531431900163
932002,63828, 4529, -48803.62777003925
932502,63903, 4530, -34883.35844021989
933002,63974, 4531, -42276.875223017705
933502,64048, 4531, -45394.73069353364
934002,64115, 4532, -40404.44915667025
934502,64189, 4532, -42438.21667332393
935002,64256, 4532, -54516.0666360411
935502,64328, 4532, -44289.68026027467
936002,64402, 4533, -32633.044398208847
936502,64469, 4535, -42938.81277354498
937002,64540, 4536, -44173.5787528482
937502,64608, 4536, -31167.747524466453
938002,64670, 4537, -45643.6454239537
938502,64741, 4540, -48214.81026461828
939002,64808, 4544, -49736.74056745862
939502,64876, 4544, -53898.031102261506
940002,64952, 4545, -30357.122859444586
940502,65015, 4545, -35228.10532920691
941002,65088, 4545, -21225.252439030446
941502,65158, 4547, -35985.51580294571
942002,65224, 4548, -36454.69834290311
942502,65295, 4551, -45617.70620866818
943002,65360, 4552, -47492.02532259491
943502,65432, 4552, -30826.153556657024
944002,65500, 4554, -45828.80453007016
944502,65577, 4554, -21105.7899917888
945002,65644, 4556, -51423.14272138174
945502,65712, 4560, -64674.24826871033
946002,65778, 4562, -51541.39605883055
946502,65853, 4563, -41417.18230576889
947002,65924, 4565, -41754.22597048164
947502,65992, 4566, -39248.02938716847
948002,66061, 4567, -27660.35589559874
948502,66135, 4567, -32728.993812370463
949002,66207, 4569, -43482.80072165979
949502,66278, 4573, -43853.02367802267
950002,66354, 4573, -44036.736656234134
950502,66418, 4574, -34888.832327946
951002,66481, 4575, -42336.34464273695
951502,66538, 4576, -36309.54785548465
952002,66593, 4578, -38375.99152900837
952502,66661, 4580, -25486.65470758239
953002,66733, 4581, -53172.93608457981
953502,66805, 4582, -54909.62491712719
954002,66875, 4583, -47086.03272477133
954502,66951, 4584, -53239.85355891916
955002,67019, 4585, -24809.29696622654
955502,67087, 4586, -29656.194652774604
956002,67152, 4588, -43044.92936816957
956502,67214, 4589, -38639.757442587754
957002,67286, 4589, -41979.797593619674
957502,67366, 4589, -44121.92164255743
958002,67437, 4591, -45877.13922445488
958502,67509, 4591, -30327.76480202633
959002,67590, 4592, -35759.207894209656
959502,67659, 4593, -33406.20627210243
960002,67726, 4596, -39059.5535423886
960502,67797, 4599, -29439.15999404411
961002,67869, 4599, -35381.8351805895
961502,67944, 4600, -22208.29568053712
962002,68012, 4600, -22533.141696141247
962502,68076, 4601, -29627.43837832939
963002,68153, 4603, -30422.47984307469
963502,68219, 4604, -33707.93444746779
964002,68289, 4605, -37930.001700081804
964502,68356, 4608, -31172.637834022462
965002,68427, 4611, -51377.21601531985
965502,68499, 4611, -26474.146724004997
966002,68579, 4612, -32940.262423221255
966502,68652, 4613, -36451.601237087045
967002,68724, 4616, -16741.981173562992
967502,68793, 4616, -23770.775392728683
968002,68866, 4617, -27795.12297673832
968502,68942, 4619, -39779.63083766308
969002,69011, 4619, -35625.0646901126
969502,69086, 4622, -48755.78191310447
970002,69167, 4623, -21016.314000817772
970502,69230, 4626, -34581.97029408582
971002,69305, 4627, -27023.76092761947
971502,69376, 4630, -36407.38554685662
972002,69453, 4630, -43430.505016062176
972502,69521, 4634, -48184.69696494378
973002,69596, 4635, -32773.48872890626
973502,69670, 4637, -34993.46305984934
974002,69744, 4639, -46014.57094003889
974502,69820, 4642, -38158.627202888834
975002,69881, 4643, -45760.06533042344
975502,69952, 4645, -33355.20329276783
976002,70026, 4646, -49675.98369045305
976502,70094, 4648, -52852.68047039426
977002,70168, 4648, -39638.17559785997
977502,70239, 4649, -38036.62255593536
978002,70314, 4649, -32446.009012614377
978502,70386, 4649, -36283.288281156216
979002,70457, 4649, -42523.56203987391
979502,70523, 4649, -40336.79551050591
980002,70580, 4651, -41539.519987616106
980502,70641, 4653, -36891.68390980543
981002,70709, 4653, -28244.359366538607
981502,70779, 4655, -34162.73519338388
982002,70856, 4655, -44950.03607001784
982502,70923, 4656, -27918.97310745204
983002,70997, 4657, -25965.63914332044
983502,71073, 4658, -32633.55790728412
984002,71155, 4659, -17125.153355965886
984502,71228, 4659, -39749.331455844105
985002,71303, 4659, -41014.55075846595
985502,71371, 4660, -39618.490750821074
986002,71441, 4663, -34298.519606056565
986502,71513, 4664, -38081.22310404974
987002,71590, 4665, -38741.53317682969
987502,71656, 4666, -44703.50119591539
988002,71724, 4667, -30171.683492166107
988502,71802, 4668, -22453.30021719978
989002,71869, 4669, -43332.43560656137
989502,71933, 4669, -38190.03636925025
990002,72010, 4672, -45117.34863489587
990502,72076, 4675, -45831.77795198944
991002,72146, 4676, -51159.13056258648
991502,72219, 4676, -29822.551721234922
992002,72285, 4677, -37057.99692218704
992502,72360, 4680, -37075.63149221029
993002,72437, 4680, -39069.175543595746
993502,72502, 4682, -41299.9103340928
994002,72571, 4685, -51248.21237605775
994502,72646, 4686, -30741.448966692784
995002,72714, 4689, -45774.23170505266
995502,72791, 4689, -34510.1481940457
996002,72853, 4689, -32872.034083831124
996502,72926, 4689, -24178.791024884325
997002,73004, 4690, -32625.82855111838
997502,73076, 4690, -50900.34086488356
998002,73151, 4691, -51309.192048708384
998502,73226, 4691, -33301.152743629274
999002,73303, 4694, -32162.355758712278
999502,73372, 4694, -39616.97782584652
1000002,73444, 4695, -32452.173040289596
1000502,73505, 4699, -62041.34604830998
1001002,73579, 4700, -28289.085123745026
1001502,73648, 4701, -37993.50047935289
1002002,73725, 4703, -40682.83126664115
1002502,73795, 4704, -27394.602393633686
1003002,73867, 4705, -37393.490351857065
1003502,73939, 4705, -29397.443245683913
1004002,74014, 4706, -32715.29299584686
1004502,74081, 4707, -17338.45323057915
1005002,74150, 4708, -33229.188572115614
1005502,74210, 4714, -48613.76803672977
1006002,74274, 4716, -34306.16074389103
1006502,74342, 4718, -24029.915271753256
1007002,74412, 4721, -35465.14265148864
1007502,74473, 4725, -42153.43440569823
1008002,74548, 4727, -38986.050098224936
1008502,74622, 4728, -45137.5428772665
1009002,74701, 4729, -32879.601127459784
1009502,74769, 4731, -40108.85648134131
1010002,74837, 4733, -36093.60135273391
1010502,74911, 4734, -48814.4307999094
1011002,74972, 4737, -41586.92087875155
1011502,75037, 4737, -33349.20965800193
1012002,75100, 4740, -45767.14397769375
1012502,75159, 4745, -42147.78484840499
1013002,75232, 4746, -44882.857775022625
1013502,75304, 4746, -28589.93325221617
1014002,75371, 4747, -38761.483287259776
1014502,75435, 4749, -31033.844906056125
1015002,75504, 4750, -47898.12056981423
1015502,75572, 4751, -46438.508554162865
1016002,75640, 4754, -35584.89175195503
1016502,75715, 4756, -38445.114005235024
1017002,75785, 4756, -37827.58543998192
1017502,75864, 4757, -32857.16215779187
1018002,75938, 4758, -52292.35353534405
1018502,76013, 4760, -43179.34684267419
1019002,76095, 4760, -34335.44321941958
1019502,76169, 4761, -39660.764612759434
1020002,76246, 4762, -37214.7598653655
1020502,76317, 4763, -39141.09187462693
1021002,76390, 4764, -47831.77419911791
1021502,76460, 4767, -38659.83959146659
1022002,76541, 4768, -26141.315677317296
1022502,76612, 4769, -37042.93087395979
1023002,76683, 4772, -44512.758455415955
1023502,76760, 4772, -29633.530948487984
1024002,76839, 4772, -36050.101995785255
1024502,76911, 4772, -41424.50482350585
1025002,76989, 4773, -41794.14863588568
1025502,77064, 4775, -25682.094675329296
1026002,77134, 4777, -53734.27835444233
1026502,77209, 4778, -32873.49950407806
1027002,77283, 4781, -47625.18706762418
1027502,77337, 4784, -37234.224488248234
1028002,77386, 4786, -44296.78854807507
1028502,77445, 4790, -52703.66381658507
1029002,77514, 4791, -38878.93402746436
1029502,77582, 4794, -42406.97700097956
1030002,77640, 4798, -53839.40765066701
1030502,77713, 4798, -24256.658761056548
1031002,77788, 4799, -36949.27492159817
1031502,77860, 4802, -45923.68263357342
1032002,77932, 4805, -43815.54718062654
1032502,78006, 4805, -40803.5396625681
1033002,78086, 4806, -34888.80843625539
1033502,78156, 4809, -43265.81782070958
1034002,78225, 4809, -44184.537825493026
1034502,78300, 4810, -28951.7507880811
1035002,78374, 4811, -43924.90640526527
1035502,78446, 4812, -45741.917391375406
1036002,78524, 4813, -37017.19155237393
1036502,78592, 4813, -29555.72822223202
1037002,78667, 4814, -37689.68989295
1037502,78744, 4815, -41990.39856597956
1038002,78820, 4816, -40702.17504792976
1038502,78894, 4819, -45089.23781287125
1039002,78962, 4822, -51087.89387606259
1039502,79036, 4822, -26581.126146270264
1040002,79101, 4822, -37299.91307362658
1040502,79175, 4824, -42750.892807055585
1041002,79247, 4825, -39175.813069173586
1041502,79311, 4827, -45258.61984766694
1042002,79385, 4828, -31180.93341055808
1042502,79448, 4828, -33922.28164682083
1043002,79523, 4830, -50348.5201768619
1043502,79590, 4831, -38036.00296869705
1044002,79654, 4831, -41076.54251651573
1044502,79722, 4834, -43134.14340918884
1045002,79801, 4837, -39848.693898639176
1045502,79876, 4838, -45009.31145771188
1046002,79945, 4842, -40302.343270170735
1046502,80016, 4842, -25814.586546154052
1047002,80091, 4845, -43976.72865818994
1047502,80164, 4848, -46975.19655794528
1048002,80240, 4849, -40727.01011767378
1048502,80309, 4850, -38055.02401539928
1049002,80372, 4852, -44052.38177250471
1049502,80444, 4852, -33385.03486010234
1050002,80513, 4856, -42911.68512774547
1050502,80577, 4858, -38509.9342337476
1051002,80640, 4863, -53051.78674844932
1051502,80722, 4863, -33601.12018504276
1052002,80796, 4864, -43002.635463078856
1052502,80866, 4865, -34637.46394875282
1053002,80937, 4866, -44239.22626127719
1053502,81010, 4866, -44945.6482181875
1054002,81083, 4868, -47795.26620354423
1054502,81149, 4868, -43078.29483492044
1055002,81213, 4868, -25503.290588715696
1055502,81278, 4869, -45390.47826828109
1056002,81352, 4869, -34498.500962775026
1056502,81426, 4869, -36379.546973717166
1057002,81494, 4871, -49605.02250818681
1057502,81567, 4872, -41227.20903229466
1058002,81635, 4874, -48182.15105073025
1058502,81714, 4875, -36527.404298750684
1059002,81786, 4878, -44457.565093956364
